,,,,,,,,,,DADOS,,,,,,,,,,,,,,
,,,,,,,,,,,,,,,,,,,,,,,,
,,,,,,,,,,,,,,,,,,,,,,,,
,,,,,,,,,,,,,,,,,,,,,,,,
,,,,,,,,,,,,,,,,,,,,,,,,
,,USO INTERNO - SOMENTE PARA CONFERÊNCIA,,,,,,,,,,,,,,,,,25/11/2019,,Salvo,,25/11/2019,SALVO
,,,,,"Segunda-Feira, 25 Novembro de 2019",,,,,SIN,,Program,,Verif,%,,,,,,,,2,
,,,,,,,,,,Hidro Nac,Soma,39.359,soma,38.778,"59,73%",,,,,,,,,
1 - Balanço de Energia,,,,,,,,,,Itaip,PDP_TOT_SUBM_ITAI_SE,6.258,VER_TOT_ITAIPU,6.268,"9,65%",,,,,,,,,
,,,,,,LEGENDA:,          Verificado,,,Termo Nuc,PDP_TOT_SUBM_NUC_SE,1.990,VER_TOT_SUBM_NUC_SE,2.013,"3,10%",,,,,,,,,
,,,,,,,          Programado,,,Termo Conv,soma,12.836,soma,12.042,"18,55%",,,,,,,,,
,,,,,,,,,,Eólica,Soma,4.874,soma,5.340,"8,23%",,,,,,,,,
,,,,,,,,,,Solar,Soma,352,soma,481,"0,74%",,,,,,,,,
,,,,,,,,,,Total SIN,Soma,65.669,soma,64.922,"100,00%",,,,,,,,,
,,,,,,,,,,Interc. Inter,PDP_TOT_Inter,252,VER_TOT_Inter,257,,,,,,,,,,
,,,,,,,,,,Carga,Soma,65.921,soma,65.179,0,,,,,,,,,
,,,,,,,,,,Interc. Inter,,252,,257,----->,(somente para preenchimento da Primeira Tabela),,,,,,,,
,,,,,,,,,,Norte,,,,,,,,,,,,,,
,,,,,,,,,,Hidro ,soma,4.216,soma,4.391,"6,76%",,Interc N,PDP_TOT_SUBM_INT_N,1.607,VER_TOT_SUBM_INT_N,1.589,,,
,,,,,,,,,,Termo ,PDP_TOT_SUBM_TER_N_REAL,2.888,VER_TOT_SUBM_TER_N,2.824,"4,35%",,Interc NE,PDP_TOT_SUBM_INT_NE,2.112,VER_TOT_SUBM_INT_NE,2.273,,1,
,,,,,,,,,,Eólica,PDP_TOT_EOL_N,217,VER_TOT_SUBM_EOL_N,265,"0,41%",,Interc SE,Soma,505,soma,684,,1,
,,,,,,,,,,Total Ger,PDP_TOT_SUBM_N,7.321,VER_TOT_SUBM_GER_N,7.480,"11,52%",,Interc S,PDP_TOT_SUBM_INT_S,662,VER_TOT_SUBM_INT_S,111,,1,
,,,,,,,,,,Carga,PDP_Carga_N,5.714,VER_Carga_N,5.891,,,,,,,,,1,
,,,,,,,,,,,,,,,,,,,,,,,1,
,,,,,,,,,,Nordeste,,,,,,,,,,,,,1,
,,,,,,,,,,Hidro ,soma,3.329,soma,3.180,"4,90%",,,,,,,,1,
,,,,,,,,,,Termo,PDP_TOT_SUBM_TER_NE_REAL,2.309,VER_TOT_SUBM_TER_NE,2.126,"3,27%",,,,,,,,0,
,,,,,,,,,,Eólica,PDP_TOT_EOL_NE,3.225,VER_TOT_SUBM_EOL_NE,3.531,"5,44%",,Itaipu,,,,,,0,
,,,,,,,,,,Solar,PDP_TOT_SOL_NE,299,VER_TOT_SUBM_SOL_NE,245,"0,38%",,,,,,,,,
,,,,,,,,,,Total Ger,PDP_TOT_SUBM_NE,9.162,VER_TOT_SUBM_GER_NE,9.082,"13,99%",,Elo 50 Hz,VER_ELO_CC,2.009,PDP_ELO_CC,2.073,,,
,,,,,,,,,,Carga,PDP_Carga_NE,11.274,VER_Carga_NE,11.355,,,Itai. 60 Hz,VER_Itaipu60Hz,4.259,PDP_Itaipu60Hz,4.185,,,
,,,,,,,,,,,,,,,,,,,,,,,,
,,,,,,,,,,SE/CO,,,,,,,,,,,,,,
,,,,,,,,,,Hidro,Soma,22.930,soma,22.462,"34,60%",,,,,,,,,
,,,,,,,,,,Termo,Soma,7.465,soma,7.433,"11,45%",,,,Program,,Verif,,,
,,,,,,,,,,Solar,PDP_TOT_SOL_SE,53,VER_TOT_SUBM_SOL_SE,236,"0,36%",,Termo Nuc,PDP_TOT_SUBM_NUC_SE,1.990,VER_TOT_SUBM_NUC_SE,2.013,,"3,10%",
,,,,,,,,,,Total Ger,PDP_TOT_SUBM_SE,30.448,VER_TOT_SUBM_GER_SE,30.131,"46,41%",,Termo Conv,PDP_TOT_SUBM_TER_SE_REAL,5.475,VER_TOT_SUBM_TER_SE,5.420,,"8,35%",
,,,,,,,,,,Carga,PDP_Carga_SE,36.863,VER_Carga_SE,35.826,,,,,,,,,,
,,,,,,,,,,,,,,,,,,,,,,,,
,,,,,,,,,,Sul,,,,,,Internacional,,,,,,,,
,,,,,,,,,,Hidro ,soma,8.884,soma,8.745,"13,47%",,,,,,,,,
,,,,,,,,,,Termo,PDP_TOT_SUBM_TER_S_REAL,2.164,VER_TOT_SUBM_TER_S,1.672,"2,58%",,,,,,,,,
,,,,,,,,,,Eólica,PDP_TOT_EOL_S,1.432,VER_TOT_SUBM_EOL_S,1.544,"2,38%",Acaray,0,VER_CVAcaray_imp,0,PDP_CVAcaray_imp,0,VER_CVAcaray_exp,0,PDP_CVAcaray_exp
,,,,,,,,,,Total Ger,PDP_TOT_SUBM_S,12.480,VER_TOT_SUBM_GER_S,11.961,"18,42%",Uruguaiana,0,VER_CVUruguaiana_imp,0,PDP_CVUruguaiana_imp,0,VER_CVUruguaiana_exp,0,PDP_CVUruguaiana_exp
,,,,,,,,,,Carga,PDP_Carga_S,12.070,VER_Carga_S,12.107,,Garabi I,0,VER_CVGarabi 1_imp,0,PDP_CVGarabi 1_imp,0,VER_CVGarabi 1_exp,0,PDP_CVGarabi1_exp (S. Ângelo)
,,,,,,,,,,,,,,,,Garabi II,0,VER_CVGarabi 2_imp,0,PDP_CVGarabi 2_imp,0,VER_CVGarabi 2_exp,0,PDP_CVGarabi2_exp (S. Ângelo)
,,,,,,,,,,,,,,,,Rivera,52,VER_CVRivera_imp,52,PDP_CVRivera_imp,0,VER_CVRivera_exp,0,PDP_CVRivera_exp
,,,,,,,,,,,,,,,,Melo,205,VER_CVMelo_imp,200,PDP_CVMelo_imp,0,VER_CVMelo_exp,0,PDP_CVMelo_exp
,,,,,,,,,,,,,,,,Total,257,soma,252,soma,0,soma,0,
,,,,,,,,,,,,,,,,,,,,,,,,
2 - Balanço de Energia Detalhado,,,,,,,,,,Dados Hidrológicos,,,,,,,,,,,,,,
,,,,,,LEGENDA:,          Verificado,,,,,,,,,,,,,,,,,
,,,,,,,          Programado,,,,,,,,,,,,,,,,,
,,,,,,,,,,,,,,,,,,,,,,,,
,,,,,,,,,,,,,,,,,,,,,,,,
,,,,,,,,,,,,,,,,,,,,,,,,
,,,,,,,,,,,,,,,,,,,,,,,,
,,,,,,,,,,,,,,,,,,,,,,,,
,,,,,,,,,,,,,,,,,,,,,,,,
,,,,,,,,,,,,ENA Mwmed,,ENA Bruta,ENA Armaz,Valor EAR no dia ,Valor EAR no dia %,,Desvio EAR,,Variação %,,Variação,
,,,,,,,,,,,,,,,,,,,,,,,,
,,,,,,,,,,Norte,, 3.361 ,,59%,59%, 3.464 ,"23,0",,-49,,"-0,3%",,"-0,3",
,,,,,,,,,,Nordeste,, 1.098 ,,18%,18%, 17.619 ,"34,0",,-56,,"-0,1%",,"-0,1",
,,,,,,,,,,Sul,, 3.697 ,,106%,89%, 7.857 ,"38,2",,"-146,8",,"-0,7%",,"-0,7",
,,,,,,,,,,Sudeste,, 21.947 ,,57%,56%, 38.914 ,"19,1",,-232,,"-0,2%",,"-0,2",
,,,,,,,,,,,,,,,,,,,,,,,,
,,,,,,,,,,,,Cap. Máx,,Var. Mensal,,,,,,,,,,
,,,,,,,,,,,,,,,,,,,,,,,,
,,,,,,,,,,Norte,, 15.046 ,,"-6,6",,,,,,,,,,
,,,,,,,,,,Nordeste,, 51.831 ,,"-4,6",,,,,,,,,,
,,,,,,,,,,Sul,, 20.581 ,,"-1,3",,,,,,,,,,
,,,,,,,,,,Sudeste,, 203.291 ,,"-3,2",,,,,,,,,,
,,,,,,,,,,,,,,,,,,,,,,,,
,,,,,,,,,,,,,,,,,,,,,,,,
,,,,,,,,,,,,,,,,,,,,,,,,
,,,,,,,,,,,,,,,,,,,,,,,,
,,,,,,,,,,,,,,,,,,,,,,,,
,,,,,,,,,,,,,,,,,,,,,,,,
,,,,,,,,,,,,,,,,,,,,,,,,
,,,,,,,,,,,,,,,,,,,,,,,,
,,,,,,,,,,,,,,,,,,,,,,,,
,,,,,,,,,,,,,,,,,,,,,,,,
,,,,,,,,,,,,,,,,,,,,,,,,
,,,,,,,,,,,,,,,,,,,,,,,,
,,,,,,,,,,,,,,,,,,,,,,,,
,,,,,,,,,,,,,,,,,,,,,,,,
,,,,,,,,,,,,,,,,,,,,,,,,
,,,,,,,,,,,,,,,,,,,,,,,,
,,,,,,,,,,,,,,,,,,,,,,,,
,,,,,,,,,,,,,,,,,,,,,,,,
,,,,,,,,,,,,,,,,,,,,,,,,
,,,,,,,,,,,,,,,,,,,,,,,,
,,,,,,,,,,,,,,,,,,,,,,,,
,,,,,,,,,,,,,,,,,,,,,,,,
,,,,,,,,,,,,,,,,,,,,,,,,
,,,,,,,,,,,,,,,,,,,,,,,,
,,,,,,,,,,,,,,,,,,,,,,,,
,,,,,,,,,,,,,,,,,,,,,,,,
,,,,,,,,,,,,,,,,,,,,,,,,
,,,,,,,,,,,,,,,,,,,,,,,,
,,,,,,,,,,,,,,,,,,,,,,,,
3 - Variação de Energia Armazenada,,,,,,,,,,,,,,,,,,,,,,,,
,,,,,,,,,,,,,,,,,,,,,,,,
,,,,,,,,,,,,,,,,,,,,,,,,
,,,,,,,,,,,,,,,,,,,,,,,,
,,,,,,,,,,,,,,,,,,,,,,,,
,,,,,,,,,,,,,,,,,,,,,,,,
,,,,,,,,,,,,,,,,,,,,,,,,
,,,,,,,,,,,,,,,,,,,,,,,,
,,,,,,,,,,,,,,,,,,,,,,,,
,,,,,,,,,,,,,,,,,,,,,,,,
,,,,,,,,,,,,,,,,,,,,,,,,
,,,,,,,,,,,,,,,,,,,,,,,,
,,,,,,,,,,,,,,,,,,,,,,,,
,,,,,,,,,,,,,,,,,,,,,,,,
4 - Destaques da Operação,,,,,,,,,,,,,,,,,,,,,,,,
,,,,,,,,,,,,,,,,,,,,,,,,
,,,,,,,,,,,,,,,,,,,,,,,,
,,,,,,,,,,,,,,,,,,,,,,,,
,,,,,,,,,,,,,,,,,,,,,,,,
,,,,,,,,,,,,,,,,,,,,,,,,
,,,,,,,,,,,,,,,,,,,,,,,,
,,,,,,,,,,,,,,,,,,,,,,,,
,,,,,,,,,,,,,,,,,,,,,,,,
,,,,,,,,,,,,,,,,,,,,,,,,
,,,,,,,,,,,,,,,,,,,,,,,,
,,,,,,,,,,,,,,,,,,,,,,,,
,,,,,,,,,,,,,,,,,,,,,,,,
,,,,,,,,,,,,,,,,,,,,,,,,
,,,,,,,,,,,,,,,,,,,,,,,,
,,,,,,,,,,,,,,,,,,,,,,,,
,,,,,,,,,,,,,,,,,,,,,,,,
,,,,,,,,,,,,,,,,,,,,,,,,
,,,,,,,,,,,,,,,,,,,,,,,,
,,,,,,,,,,,,,,,,,,,,,,,,
,,,,,,,,,,,,,,,,,,,,,,,,
,,,,,,,,,,,,,,,,,,,,,,,,
,,,,,,,,,,,,,,,,,,,,,,,,
,,,,,,,,,,,,,,,,,,,,,,,,
,,,,,,,,,,,,,,,,,,,,,,,,
,,,,,,,,,,,,,,,,,,,,,,,,
,,,,,,,,,,,,,,,,,,,,,,,,
,,,,,,,,,,,,,,,,,,,,,,,,
,,,,,,,,,,,,,,,,,,,,,,,,
,,,,,,,,,,,,,,,,,,,,,,,,
,,,,,,,,,,,,,,,,,,,,,,,,
,,,,,,,,,,,,,,,,,,,,,,,,
,,,,,,,,,,,,,,,,,,,,,,,,
,,,,,,,,,,,,,,,,,,,,,,,,
,,,,,,,,,,,,,,,,,,,,,,,,
,,,,,,,,,,Quebra,,,,,,,,,,,,,,
,,,,,,,,,,NovaPágina,,,,,,,,,,,,,,
,,,,,,,,,,,,,,,,,,,,,,,,
,,,,,,,,,,,,,,,,,,,,,,,,
,,,,,,,,,,,,,,,,,,,,,,,,
,,,,,,,,,,,,,,,,,,,,,,,,
,,,,,,,,,,,,,,,,,,,,,,,,
,,,,,,,,,,,,,,,,,,,,,,,,
,,,,,,,,,,,,,,,,,,,,,,,,
,,,,,,,,,,,,,,,,,,,,,,,,
,,,,,,,,,,,,,,,,,,,,,,,,
,,,,,,,,,,,,,,,,,,,,,,,,
,,,,,,,,,,,,,,,,,,,,,,,,
,,,,,,,,,,,,,,,,,,,,,,,,
,,,,,,,,,,,,,,,,,,,,,,,,
,,,,,,,,,,,,,,,,,,,,,,,,
,,,,,,,,,,,,,,,,,,,,,,,,
,,,,,,,,,,,,,,,,,,,,,,,,
,,,,,,,,,,,,,,,,,,,,,,,,
,,,,,,,,,,,,,,,,,,,,,,,,
,,,,,,,,,,,,,,,,,,,,,,,,
,,,,,,,,,,,,,,,,,,,,,,,,
,,,,,,,,,,,,,,,,,,,,,,,,
,,,,,,,,,,,,,,,,,,,,,,,,
,,,,,,,,,,,,,,,,,,,,,,,,
,,,,,,,,,,,,,,,,,,,,,,,,
,,,,,,,,,,,,,,,,,,,,,,,,
,,,,,,,,,,,,,,,,,,,,,,,,
,,,,,,,,,,,,,,,,,,,,,,,,
,,,,,,,,,,,,,,,,,,,,,,,,
,,,,,,,,,,,,,,,,,,,,,,,,
,,,,,,,,,,,,,,,,,,,,,,,,
,,,,,,,,,,,,,,,,,,,,,,,,
,,,,,,,,,,,,,,,,,,,,,,,,
,,,,,,,,,,,,,,,,,,,,,,,,
,,,,,,,,,,,,,,,,,,,,,,,,
,,,,,,,,,,,,,,,,,,,,,,,,
,,,,,,,,,,,,,,,,,,,,,,,,
,,,,,,,,,,,,,,,,,,,,,,,,
,,,,,,,,,,,,,,,,,,,,,,,,
,,,,,,,,,,,,,,,,,,,,,,,,
,,,,,,,,,,,,,,,,,,,,,,,,
,,,,,,,,,,,,,,,,,,,,,,,,
,,,,,,,,,,,,,,,,,,,,,,,,
,,,,,,,,,,,,,,,,,,,,,,,,
,,,,,,,,,,,,,,,,,,,,,,,,
,,,,,,,,,,,,,,,,,,,,,,,,
,,,,,,,,,,,,,,,,,,,,,,,,
,,,,,,,,,,,,,,,,,,,,,,,,
,,,,,,,,,,Quebra,,,,,,,,,,,,,,
,,,,,,,,,,NovaPágina,,,,,,,,,,,,,,
,,,,,,,,,,,,,,,,,,,,,,,,
,,,,,,,,,,,,,,,,,,,,,,,,
,,,,,,,,,,,,,,,,,,,,,,,,
,,,,,,,,,,,,,,,,,,,,,,,,
,,,,,,,,,,,,,,,,,,,,,,,,
,,,,,,,,,,,,,,,,,,,,,,,,
,,,,,,,,,,,,,,,,,,,,,,,,
,,,,,,,,,,,,,,,,,,,,,,,,
,,,,,,,,,,,,2,,,,,,,,,,,,
,,,,,,,,,,,,,,,,,,,,,,,,
,,,,,,,,,,,,,,,,,,,,,,,,
,,,,,,,,,,,,,,,,,,,,,,,,
,,,,,,,,,,,,,,,,,,,,,,,,
,,,,,,,,,,,,,,,,,,,,,,,,
,,,,,,,,,,,,,,,,,,,,,,,,
,,,,,,,,,,,,,,,,,,,,,,,,
,,,,,,,,,,,,,,,,,,,,,,,,
,,,,,,,,,,,,,,,,,,,,,,,,
,,,,,,,,,,,,,,,,,,,,,,,,
,,,,,,,,,,,,,,,,,,,,,,,,
,,,,,,,,,,,,,,,,,,,,,,,,
,,,,,,,,,,,,,,,,,,,,,,,,
,,,,,,,,,,,,,,,,,,,,,,,,
,,,,,,,,,,,,,,,,,,,,,,,,
,,,,,,,,,,,,,,,,,,,,,,,,
,,,,,,,,,,,,,,,,,,,,,,,,
,,,,,,,,,,,,,,,,,,,,,,,,
,,,,,,,,,,,,,,,,,,,,,,,,
,,,,,,,,,,,,,,,,,,,,,,,,
,,,,,,,,,,,,,,,,,,,,,,,,
,,,,,,,,,,,,,,,,,,,,,,,,
,,,,,,,,,,,,,,,,,,,,,,,,
,,,,,,,,,,,,,,,,,,,,,,,,
,,,,,,,,,,,,,,,,,,,,,,,,
,,,,,,,,,,,,,,,,,,,,,,,,
,,,,,,,,,,,,,,,,,,,,,,,,
,,,,,,,,,,,,,,,,,,,,,,,,
,,,,,,,,,,,,,,,,,,,,,,,,
,,,,,,,,,,,,,,,,,,,,,,,,
,,,,,,,,,,,,,,,,,,,,,,,,
,,,,,,,,,,,,,,,,,,,,,,,,
,,,,,,,,,,,,,,,,,,,,,,,,
,,,,,,,,,,,,,,,,,,,,,,,,
,,,,,,,,,,,,,,,,,,,,,,,,
,,,,,,,,,,,,,,,,,,,,,,,,
,,,,,,,,,,,,,,,,,,,,,,,,
,,,,,,,,,,,,,,,,,,,,,,,,
,,,,,,,,,,,,,,,,,,,,,,,,
,,,,,,,,,,FIM,,,,,,,,,,,,,,
,,,,,,,,,,,,,,,,,,,,,,,,
,,,,,,,,,,,,,,,,,,,,,,,,
,,,,,,,,,,,,,,,,,,,,,,,,
,,,,,,,,,,,,,,,,,,,,,,,,
5 - Gerações Térmicas das Usinas Tipo I e Tipo II-A,,,,,,,,,,,,,,,,,,,,,,,,
5.1 - Valores de Média Diária das Usinas Térmicas Tipo I,,,,,,,,,,,,,,,,,,,,,,,,
Usinas,,Razão do , Capacidade (*),, Média Diária,,Média Diária,,Obs.,,,,,,,,,,,,,,,
,,Despacho,Instal.,Dispon.,Prog.,Verif.,   Difer. E,Var%(**),,,,,,,,,,,,,,,,
    S U D E S T E / C E N T R O - O E S T E,,,,,,,,,,,,,,,,,,,,,,,,
,,,,,,,,,,,,,,,,,,,,,,,,
Angra II,,EN,1350,1350,1350,1365,---,---,---,*,,,,,,,,,,,,,,
Angra I,,EN,640,640,640,648,---,---,---,*,,,,,,,,,,,,,,
Norte Fluminense,,EN,828,540,540,551,11,2%,(3),*,,,,,,,,,,,,,,
Baixada Fluminense,,EN,533,420,250,260,10,4%,(3),*,,,,,,,,,,,,,,
Santa Cruz Nova,,EN,350,262,262,321,59,23%,(2),*,,,,,,,,,,,,,,
Do Atlântico,,IN/EN,490,320,320,349,29,9%,(3),*,,,,,,,,,,,,,,
Luiz O. R. Melo,,EN,204,196,196,192,-4,-2%,---,*,,,,,,,,,,,,,,
Três Lagoas,,EN/GFOM,386,270,270,264,-6,-2%,(3),*,,,,,,,,,,,,,,
Termorio,,IN/EN,1058,740,740,911,171,23%,(3),*,,,,,,,,,,,,,,
Juiz de Fora,,---,87,82,0,0,---,---,---,*,,,,,,,,,,,,,,
Cubatão,,IN,216,200,200,200,---,0%,---,*,,,,,,,,,,,,,,
Ibirité,,EL,226,222,222,230,8,4%,---,*,,,,,,,,,,,,,,
Seropédica,,GFOM,386,295,295,0,-295,-100%,(3),*,,,,,,,,,,,,,,
Nova Piratininga,,---,576,285,0,0,---,---,(2),*,,,,,,,,,,,,,,
Cuiabá,,IN,529,0,0,348,348,100%,(3),*,,,,,,,,,,,,,,
Termomacaé,,GFOM,923,780,780,530,-250,-32%,(3),*,,,,,,,,,,,,,,
Viana,,---,175,175,0,0,---,---,---,*,,,,,,,,,,,,,,
Termonorte II,,---,340,0,0,0,---,---,(3),*,,,,,,,,,,,,,,
Igarapé,,---,131,0,0,0,---,---,(3),*,,,,,,,,,,,,,,
Palmeiras de Goiás,,---,176,94,0,0,---,---,(3),*,,,,,,,,,,,,,,
Campos,,---,25,0,0,0,---,---,(3),*,,,,,,,,,,,,,,
Daia,,---,44,0,0,0,---,---,(3),*,,,,,,,,,,,,,,
Goiânia 2,,---,140,140,0,0,---,---,---,*,,,,,,,,,,,,,,
Araguaia,,---,23,0,0,0,---,---,(3),*,,,,,,,,,,,,,,
Caçu - I,,IN,130,93,93,40,-53,-57%,(3),*,,,,,,,,,,,,,,
Ipaussu,,IN,76,60,60,60,---,0%,(3),*,,,,,,,,,,,,,,
,,,,,,,,,,*,,,,,,,,,,,,,,
,,,,,,,,,,*,,,,,,,,,,,,,,
,,,,,,,,,,*,,,,,,,,,,,,,,
,,,,,,,,,,*,,,,,,,,,,,,,,
,,,,,,,,,,*,,,,,,,,,,,,,,
,,,,,,,,,,,,,,,,,,,,,,,,
TOTAL SE / CO,,,10042,7164,6218,6269,28,1%,,,,,,,,,,,,,,,,
,,,,,,,,,,,,,,,,,,,,,,,,
,,,,,,,,,,,,,,,,,,,,,,,,
,,,,,,,,,,,,,,,,,,,,,,,,
,,,,,,,,,,,,,,,,,,,,,,,,
,,,,,,,,,,,,,,,,,,,,,,,,
,,,,,,,,,,,,,,,,,,,,,,,,
,,,,,,,,,,,,,,,,,,,,,,,,
,,,,,,,,,,,,,,,,,,,,,,,,
,,,,,,,,,,,,,,,,,,,,,,,,
,,,,,,,,,,,,,,,,,,,,,,,,
,,,,,,,,,,,,,,,,,,,,,,,,
,,,,,,,,,,,,,,,,,,,,,,,,
,,,,,,,,,,,,,,,,,,,,,,,,
,,,,,,,,,,,,,,,,,,,,,,,,
,,,,,,,,,,,,,,,,,,,,,,,,
,,,,,,,,,,,,,,,,,,,,,,,,
,,,,,,,,,,,,,,,,,,,,,,,,
,,,,,,,,,,,,,,,,,,,,,,,,
,,,,,,,,,,,,,,,,,,,,,,,,
Usinas,,Razão do , Capacidade (*),, Média Diária,, Média Diária,,Obs.,,,,,,,,,,,,,,,
,,Despacho,Instal.,Dispon.,Prog.,Verif.,Difer. E,Var %(**),,,,,,,,,,,,,,,,
    S U L,,,,,,,,,,,,,,,,,,,,,,,,
,,,,,,,,,,,,,,,,,,,,,,,,
Pampa Sul,,EN,345,320,320,104,-216,-68%,---,*,,,,,,,,,,,,,,
Candiota III,,EN,350,310,310,332,22,7%,(3),*,,,,,,,,,,,,,,
J. Lacerda C,,EN,363,300,300,0,-300,-100%,(3),*,,,,,,,,,,,,,,
J. Lacerda B,,EN,262,220,220,221,1,0%,(3),*,,,,,,,,,,,,,,
J. Lacerda A,,EN,232,190,190,192,2,1%,(3),*,,,,,,,,,,,,,,
Figueira,,---,20,0,0,0,---,---,(2),*,,,,,,,,,,,,,,
Uruguaiana,,---,640,0,0,0,---,---,(3),*,,,,,,,,,,,,,,
Araucária,,GFOM,484,480,480,475,-5,-1%,---,*,,,,,,,,,,,,,,
Canoas,,---,262,240,0,0,---,---,---,*,,,,,,,,,,,,,,
Klabin,,IN,330,220,220,250,30,14%,(3),*,,,,,,,,,,,,,,
,,,,,,,,,,*,,,,,,,,,,,,,,
,,,,,,,,,,*,,,,,,,,,,,,,,
,,,,,,,,,,*,,,,,,,,,,,,,,
,,,,,,,,,,*,,,,,,,,,,,,,,
,,,,,,,,,,,,,,,,,,,,,,,,
TOTAL S,,,3288,2280,2040,1574,-466,-23%,,,,,,,,,,,,,,,,
,,,,,,,,,,,,,,,,,,,,,,,,
    N O R D E S T E,,,,,,,,,,,,,,,,,,,,,,,,
,,,,,,,,,,,,,,,,,,,,,,,,
Termopernambuco,,EN,533,533,533,549,16,3%,---,*,,,,,,,,,,,,,,
Porto Pecém I,,EN,720,360,360,356,-4,-1%,(2),*,,,,,,,,,,,,,,
Porto Pecém II,,EN,365,365,365,365,---,0%,---,*,,,,,,,,,,,,,,
Prosperidade I,,EN,28,28,28,28,---,0%,---,*,,,,,,,,,,,,,,
Fortaleza,,EN,327,160,160,163,3,2%,(4),*,,,,,,,,,,,,,,
Termocamaçari,,---,26,20,0,0,---,---,(3),*,,,,,,,,,,,,,,
Termoceará,,IN,220,180,175,0,-175,-100%,(3),*,,,,,,,,,,,,,,
Termobahia,,IN,186,160,160,160,---,0%,(3),*,,,,,,,,,,,,,,
Vale do Açú,,IN,323,320,150,148,-2,-1%,---,*,,,,,,,,,,,,,,
Sykue I,,IN,30,24,24,23,-1,-4%,(3),*,,,,,,,,,,,,,,
Pernambuco III,,---,200,174,0,0,---,---,(3),*,,,,,,,,,,,,,,
Maracanaú I,,---,168,140,0,0,---,---,(2),*,,,,,,,,,,,,,,
Termocabo,,---,50,49,0,0,---,---,---,*,,,,,,,,,,,,,,
Termonordeste,,---,171,153,0,0,---,---,(3),*,,,,,,,,,,,,,,
Termoparaíba,,---,171,153,0,0,---,---,(3),*,,,,,,,,,,,,,,
Campina Grande,,---,169,160,0,0,---,---,---,*,,,,,,,,,,,,,,
Suape II,,---,381,314,0,0,---,---,(2),*,,,,,,,,,,,,,,
Global I,,---,149,130,0,0,---,---,(3),*,,,,,,,,,,,,,,
Global II,,---,149,130,0,0,---,---,(3),*,,,,,,,,,,,,,,
Arembepe,,---,150,100,0,0,---,---,(3),*,,,,,,,,,,,,,,
Muricy,,---,147,128,0,0,---,---,(3),*,,,,,,,,,,,,,,
Petrolina,,---,136,38,0,0,---,---,(3),*,,,,,,,,,,,,,,
Potiguar III,,---,66,55,0,0,---,---,(3),*,,,,,,,,,,,,,,
Potiguar,,---,53,53,0,0,---,---,---,*,,,,,,,,,,,,,,
Pau Ferro I,,---,94,94,0,0,---,---,---,*,,,,,,,,,,,,,,
Termomanaus,,---,143,143,0,0,---,---,---,*,,,,,,,,,,,,,,
,,,,,,,,,,*,,,,,,,,,,,,,,
,,,,,,,,,,*,,,,,,,,,,,,,,
,,,,,,,,,,*,,,,,,,,,,,,,,
,,,,,,,,,,*,,,,,,,,,,,,,,
,,,,,,,,,,*,,,,,,,,,,,,,,
,,,,,,,,,,,,,,,,,,,,,,,,
TOTAL NE,,,5155,4164,1955,1792,-163,-8%,,,,,,,,,,,,,,,,
,,,,,,,,,,,,,,,,,,,,,,,,
,,,,,,,,,,,,,,,,,,,,,,,,
,,,,,,,,,,,,,,,,,,,,,,,,
,,,,,,,,,,,,,,,,,,,,,,,,
,,,,,,,,,,,,,,,,,,,,,,,,
,,,,,,,,,,,,,,,,,,,,,,,,
Usinas,,Razão do ,    Capacidade (*),,     Média Diária,, Média Diária,,Obs.,,,,,,,,,,,,,,,
,,Despacho,Instal.,Dispon.,Prog.,Verif.,Difer. E,Var %(**),,,,,,,,,,,,,,,,
    N O R T E ,,,,,,,,,,,,,,,,,,,,,,,,
,,,,,,,,,,,,,,,,,,,,,,,,
Aparecida,,EN,166,123,123,116,-7,-6%,(4),*,,,,,,,,,,,,,,
Mauá 3,,EN,591,566,566,554,-12,-2%,---,*,,,,,,,,,,,,,,
Maranhão III,,EN,519,507,507,493,-14,-3%,---,*,,,,,,,,,,,,,,
Maranhão IV,,EN,338,333,333,322,-11,-3%,---,*,,,,,,,,,,,,,,
Maranhão V,,EN,338,333,333,321,-12,-4%,---,*,,,,,,,,,,,,,,
Porto do Itaqui,,EN,360,360,360,359,-1,0%,---,*,,,,,,,,,,,,,,
Parnaíba IV,,EN,56,56,56,55,-1,-2%,---,*,,,,,,,,,,,,,,
Nova Venécia,,EN,178,175,175,168,-7,-4%,---,*,,,,,,,,,,,,,,
Mauá Bloco 3,,---,110,0,0,0,---,---,(3),*,,,,,,,,,,,,,,
Mauá Bloco 4,,---,158,0,0,0,---,---,(2),*,,,,,,,,,,,,,,
Geramar I,,---,166,159,0,0,---,---,---,*,,,,,,,,,,,,,,
Geramar II,,---,166,159,0,0,---,---,---,*,,,,,,,,,,,,,,
São José,,---,50,0,0,0,---,---,(3),*,,,,,,,,,,,,,,
Iranduba,,---,25,0,0,0,---,---,(3),*,,,,,,,,,,,,,,
Flores,,---,80,0,0,0,---,---,(3),*,,,,,,,,,,,,,,
Cristiano Rocha,,IN,85,65,65,66,1,2%,(3),*,,,,,,,,,,,,,,
Jaraqui,,IN,75,45,45,54,9,20%,(3),*,,,,,,,,,,,,,,
Manauara,,IN,67,65,65,67,2,3%,---,*,,,,,,,,,,,,,,
Ponta Negra,,IN,66,64,64,65,1,2%,---,*,,,,,,,,,,,,,,
Tambaqui,,IN,75,50,50,59,9,18%,(3),*,,,,,,,,,,,,,,
,,,,,,,,,,*,,,,,,,,,,,,,,
,,,,,,,,,,*,,,,,,,,,,,,,,
,,,,,,,,,,*,,,,,,,,,,,,,,
,,,,,,,,,,*,,,,,,,,,,,,,,
,,,,,,,,,,*,,,,,,,,,,,,,,
,,,,,,,,,,*,,,,,,,,,,,,,,
,,,,,,,,,,*,,,,,,,,,,,,,,
,,,,,,,,,,*,,,,,,,,,,,,,,
,,,,,,,,,,*,,,,,,,,,,,,,,
,,,,,,,,,,*,,,,,,,,,,,,,,
,,,,,,,,,,,,,,,,,,,,,,,,
TOTAL N,,,3669,3060,2742,2699,-43,-2%,,,,,,,,,,,,,,,,
,,,,,,,,,,,,,,,,,,,,,,,,
5.2 - Valores de Média Diária das Usinas Térmicas Tipo II-A,,,,,,,,,,,,,,,,,,,,,,,,
Usinas,,Razão do ,Capacidade (*),,Média Diária,,Média Diária,,Obs.,,,,,,,,,,,,,,,
,,Despacho,Instal.,Dispon.,Prog.,Verif.,Difer. E,Var %(**),,,,,,,,,,,,,,,,
    S U D E S T E / C E N T R O - O E S T E,,,,,,,,,,,,,,,,,,,,,,,,
,,,,,,,,,,,,,,,,,,,,,,,,
Xavantes,,---,54,53,0,0,---,---,---,*,,,,,,,,,,,,,,
,,,,,,,,,,*,,,,,,,,,,,,,,
,,,,,,,,,,*,,,,,,,,,,,,,,
,,,,,,,,,,*,,,,,,,,,,,,,,
,,,,,,,,,,,,,,,,,,,,,,,,
TOTAL SE,,,54,53,0,0,0,---,,,,,,,,,,,,,,,,
    S U L,,,,,,,,,,,,,,,,,,,,,,,,
,,,,,,,,,,,,,,,,,,,,,,,,
São Sepé,,EN,8,8,8,8,---,0%,---,*,,,,,,,,,,,,,,
Energia Madeiras,,EN,4,3,3,2,-1,-33%,(3),*,,,,,,,,,,,,,,
,,,,,,,,,,*,,,,,,,,,,,,,,
,,,,,,,,,,*,,,,,,,,,,,,,,
,,,,,,,,,,,,,,,,,,,,,,,,
TOTAL S,,,12,11,11,10,-1,0%,,,,,,,,,,,,,,,,
    N O R D E S T E  ,,,,,,,,,,,,,,,,,,,,,,,,
,,,,,,,,,,,,,,,,,,,,,,,,
Bahia I,,---,32,27,0,0,---,---,(3),*,,,,,,,,,,,,,,
Enguia PI**,,---,52,0,0,0,---,---,(3),*,,,,,,,,,,,,,,
Enguia CE**,,---,95,0,0,0,---,---,(3),*,,,,,,,,,,,,,,
,,,,,,,,,,*,,,,,,,,,,,,,,
,,,,,,,,,,*,,,,,,,,,,,,,,
,,,,,,,,,,*,,,,,,,,,,,,,,
,,,,,,,,,,,,,,,,,,,,,,,,
TOTAL NE,,,179,27,0,0,0,---,,,,,,,,,,,,,,,,
    N O R T E,,,,,,,,,,,,,,,,,,,,,,,,
,,,,,,,,,,,,,,,,,,,,,,,,
,,,,,,,,,,*,,,,,,,,,,,,,,
,,,,,,,,,,*,,,,,,,,,,,,,,
,,,,,,,,,,*,,,,,,,,,,,,,,
,,,,,,,,,,,,,,,,,,,,,,,,
TOTAL N,,,0,0,0,0,0,---,,,,,,,,,,,,,,,,
,,,,,,,,,,,,,,,,,,,,,,,,
,,,,,,,,,,,,,,,,,,,,,,,,
,,,,,,,,,,,,,,,,,,,,,,,,
,,,,,,,,,,,,,,,,,,,,,,,,
,,,,,,,,,,,,,,,,,,,,,,,,
5.3 - Usinas com mais de uma razão de despacho (Tipo I e II-A) - Médias Diárias,,,,,,,,,,,,,,,,,,,,,,,,
Usinas,,,Média Diária,,,Razão do,,,,,,,,,,,,,,,,,,
,,Verificada,,Programada,,Despacho,,,,,,,,,,,,,,,,,,
-------------------------,,------------------------,,---------------,---------------,------------------------------,,,1,*,,,,,,,,,,,,,,
Do Atlântico,,130,,101,,IN,,,,*,,,,,,,,,,,,,,
,,219,,219,,EN,,,,*,,,,,,,,,,,,,,
-------------------------,,----------------------,,---------------,---------------,------------------------------,,,1,*,,,,,,,,,,,,,,
Três Lagoas,,134,,134,,EN,,,,*,,,,,,,,,,,,,,
,,130,,136,,GFOM,,,,*,,,,,,,,,,,,,,
-------------------------,,----------------------,,---------------,---------------,------------------------------,,,1,*,,,,,,,,,,,,,,
Termorio,,20,,20,,IN,,,,*,,,,,,,,,,,,,,
,,891,,720,,EN,,,,*,,,,,,,,,,,,,,
-------------------------,,----------------------,,---------------,---------------,------------------------------,,,1,*,,,,,,,,,,,,,,
,,,,,,,,,,*,,,,,,,,,,,,,,
,,,,,,,,,,*,,,,,,,,,,,,,,
,,,,,,,,,,*,,,,,,,,,,,,,,
,,,,,,,,,,*,,,,,,,,,,,,,,
,,,,,,,,,,*,,,,,,,,,,,,,,
,,,,,,,,,,*,,,,,,,,,,,,,,
,,,,,,,,,,*,,,,,,,,,,,,,,
,,,,,,,,,,*,,,,,,,,,,,,,,
,,,,,,,,,,*,,,,,,,,,,,,,,
,,,,,,,,,,*,,,,,,,,,,,,,,
,,,,,,,,,,*,,,,,,,,,,,,,,
,,,,,,,,,,*,,,,,,,,,,,,,,
,,,,,,,,,,*,,,,,,,,,,,,,,
,,,,,,,,,,*,,,,,,,,,,,,,,
,,,,,,,,,,*,,,,,,,,,,,,,,
,,,,,,,,,,*,,,,,,,,,,,,,,
,,,,,,,,,,*,,,,,,,,,,,,,,
,,,,,,,,,,*,,,,,,,,,,,,,,
,,,,,,,,,,*,,,,,,,,,,,,,,
,,,,,,,,,,*,,,,,,,,,,,,,,
,,,,,,,,,,*,,,,,,,,,,,,,,
,,,,,,,,,,*,,,,,,,,,,,,,,
,,,,,,,,,,*,,,,,,,,,,,,,,
,,,,,,,,,,*,,,,,,,,,,,,,,
,,,,,,,,,,*,,,,,,,,,,,,,,
,,,,,,,,,,*,,,,,,,,,,,,,,
,,,,,,,,,,*,,,,,,,,,,,,,,
,,,,,,,,,,*,,,,,,,,,,,,,,
,,,,,,,,,,*,,,,,,,,,,,,,,
,,,,,,,,,,*,,,,,,,,,,,,,,
,,,,,,,,,,*,,,,,,,,,,,,,,
,,,,,,,,,,*,,,,,,,,,,,,,,
,,,,,,,,,,*,,,,,,,,,,,,,,
,,,,,,,,,,*,,,,,,,,,,,,,,
,,,,,,,,,,*,,,,,,,,,,,,,,
,,,,,,,,,,*,,,,,,,,,,,,,,
,,,,,,,,,,*,,,,,,,,,,,,,,
,,,,,,,,,,*,,,,,,,,,,,,,,
,,,,,,,,,,*,,,,,,,,,,,,,,
,,,,,,,,,,*,,,,,,,,,,,,,,
,,,,,,,,,,*,,,,,,,,,,,,,,
,,,,,,,,,,*,,,,,,,,,,,,,,
,,,,,,,,,,*,,,,,,,,,,,,,,
,,,,,,,,,,*,,,,,,,,,,,,,,
,,,,,,,,,,*,,,,,,,,,,,,,,
,,,,,,,,,,*,,,,,,,,,,,,,,
,,,,,,,,,,*,,,,,,,,,,,,,,
,,,,,,,,,,*,,,,,,,,,,,,,,
,,,,,,,,,,*,,,,,,,,,,,,,,
,,,,,,,,,,*,,,,,,,,,,,,,,
,,,,,,,,,,*,,,,,,,,,,,,,,
,,,,,,,,,,*,,,,,,,,,,,,,,
,,,,,,,,,,*,,,,,,,,,,,,,,
,,,,,,,,,,*,,,,,,,,,,,,,,
,,,,,,,,,,*,,,,,,,,,,,,,,
,,,,,,,,,,*,,,,,,,,,,,,,,
,,,,,,,,,,*,,,,,,,,,,,,,,
,,,,,,,,,,,,,,,,,,,,,,,,
5.4 - Total de Geração Térmica das Usinas Tipo I e Tipo II-A dos submercados e do SIN,,,,,,,,,,,,,,,,,,,,,,,,
,,,Capacidade (*),,Média Diária,,Média Diária,,,,,,,,,,,,,,,,,
,,,Instal.,Dispon.,Prog.,Verif.,Difer. E,Var % (**),,,,,,,,,,,,,,,,
,,,,,,,,,,,,,,,,,,,,,,,,
SUDESTE/CENTRO-OESTE,,,10096,7217,6218,6269,51,1%,,,,,,,,,,,,,,,,
SUL,,,3300,2291,2051,1584,-467,-23%,,,,,,,,,,,,,,,,
NORDESTE,,,5334,4191,1955,1792,-163,-8%,,,,,,,,,,,,,,,,
NORTE,,,3669,3060,2742,2699,-43,-2%,,,,,,,,,,,,,,,,
,,,,,,,,,,,,,,,,,,,,,,,,
TOTAL SIN,,,22399,16759,12966,12344,-622,-5%,,,,,,,,,,,,,,,,
,,,,,,,,,,,,,,,,,,,,,,,,
5.5 - Principais diferenças entre as Capacidades Instaladas e Disponibilidade,,,,,,,,,,,,,,,,,,,,,,,,
,,,,,,,,,,,,,,,,,,,,,,,,
5.5.1 - Por Manutenção,,,,,,,,,,,,,,,,,,,,,,,,
,,,,,,,,,,,,,,,,,,,,,,,,
Usinas,,,,Capacidade ,,,,,,,,,,,,,,,,,,,,
,,,Instalada,,Disponível,,Diferença,,,,,,,,,,,,,,,,,
Santa Cruz Nova,,,350,,262,,88,,,*,,,,,,,,,,,,,,
Nova Piratininga,,,576,,285,,291,,,*,,,,,,,,,,,,,,
Figueira,,,20,,0,,20,,,*,,,,,,,,,,,,,,
Porto Pecém I,,,720,,360,,360,,,*,,,,,,,,,,,,,,
Maracanaú I,,,168,,140,,28,,,*,,,,,,,,,,,,,,
Suape II,,,381,,314,,67,,,*,,,,,,,,,,,,,,
Mauá Bloco 4,,,158,,0,,158,,,*,,,,,,,,,,,,,,
Total,,,2373,,1361,,1012,,,*,,,,,,,,,,,,,,
,,,,,,,,,,*,,,,,,,,,,,,,,
,,,,,,,,,,*,,,,,,,,,,,,,,
,,,,,,,,,,*,,,,,,,,,,,,,,
,,,,,,,,,,*,,,,,,,,,,,,,,
,,,,,,,,,,*,,,,,,,,,,,,,,
,,,,,,,,,,*,,,,,,,,,,,,,,
,,,,,,,,,,*,,,,,,,,,,,,,,
,,,,,,,,,,*,,,,,,,,,,,,,,
,,,,,,,,,,*,,,,,,,,,,,,,,
,,,,,,,,,,*,,,,,,,,,,,,,,
,,,,,,,,,,*,,,,,,,,,,,,,,
,,,,,,,,,,*,,,,,,,,,,,,,,
,,,,,,,,,,*,,,,,,,,,,,,,,
,,,,,,,,,,*,,,,,,,,,,,,,,
,,,,,,,,,,*,,,,,,,,,,,,,,
,,,,,,,,,,*,,,,,,,,,,,,,,
,,,,,,,,,,*,,,,,,,,,,,,,,
,,,,,,,,,,*,,,,,,,,,,,,,,
,,,,,,,,,,,,,,,,,,,,,,,,
5.5.2 - Por Restrição Operativa,,,,,,,,,,,,,,,,,,,,,,,,
,,,,,,,,,,,,,,,,,,,,,,,,
Usinas,,,,Capacidade ,,,,,,,,,,,,,,,,,,,,
,,,Instalada,,Disponível,,Diferença,,,,,,,,,,,,,,,,,
Norte Fluminense,,,828,,540,,288,,,*,,,,,,,,,,,,,,
Baixada Fluminense,,,533,,420,,113,,,*,,,,,,,,,,,,,,
Do Atlântico,,,490,,320,,170,,,*,,,,,,,,,,,,,,
Três Lagoas,,,386,,270,,116,,,*,,,,,,,,,,,,,,
Termorio,,,1058,,740,,318,,,*,,,,,,,,,,,,,,
Seropédica,,,386,,295,,91,,,*,,,,,,,,,,,,,,
Cuiabá,,,529,,0,,529,,,*,,,,,,,,,,,,,,
Termomacaé,,,923,,780,,143,,,*,,,,,,,,,,,,,,
Termonorte II,,,340,,0,,340,,,*,,,,,,,,,,,,,,
Igarapé,,,131,,0,,131,,,*,,,,,,,,,,,,,,
Palmeiras de Goiás,,,176,,94,,82,,,*,,,,,,,,,,,,,,
Campos,,,25,,0,,25,,,*,,,,,,,,,,,,,,
Daia,,,44,,0,,44,,,*,,,,,,,,,,,,,,
Araguaia,,,23,,0,,23,,,*,,,,,,,,,,,,,,
Caçu - I,,,130,,93,,37,,,*,,,,,,,,,,,,,,
Ipaussu,,,76,,60,,16,,,*,,,,,,,,,,,,,,
Candiota III,,,350,,310,,40,,,*,,,,,,,,,,,,,,
J. Lacerda C,,,363,,300,,63,,,*,,,,,,,,,,,,,,
J. Lacerda B,,,262,,220,,42,,,*,,,,,,,,,,,,,,
J. Lacerda A,,,232,,190,,42,,,*,,,,,,,,,,,,,,
Uruguaiana,,,640,,0,,640,,,*,,,,,,,,,,,,,,
Klabin,,,330,,220,,110,,,*,,,,,,,,,,,,,,
Termocamaçari,,,26,,20,,6,,,*,,,,,,,,,,,,,,
Termoceará,,,220,,180,,40,,,*,,,,,,,,,,,,,,
Termobahia,,,186,,160,,26,,,*,,,,,,,,,,,,,,
Sykue I,,,30,,24,,6,,,*,,,,,,,,,,,,,,
Pernambuco III,,,200,,174,,26,,,*,,,,,,,,,,,,,,
Termonordeste,,,171,,153,,18,,,*,,,,,,,,,,,,,,
Termoparaíba,,,171,,153,,18,,,*,,,,,,,,,,,,,,
Global I,,,149,,130,,19,,,*,,,,,,,,,,,,,,
Global II,,,149,,130,,19,,,*,,,,,,,,,,,,,,
Arembepe,,,150,,100,,50,,,*,,,,,,,,,,,,,,
Muricy,,,147,,128,,19,,,*,,,,,,,,,,,,,,
Petrolina,,,136,,38,,98,,,*,,,,,,,,,,,,,,
Potiguar III,,,66,,55,,11,,,*,,,,,,,,,,,,,,
Mauá Bloco 3,,,110,,0,,110,,,*,,,,,,,,,,,,,,
São José,,,50,,0,,50,,,*,,,,,,,,,,,,,,
Iranduba,,,25,,0,,25,,,*,,,,,,,,,,,,,,
Flores,,,80,,0,,80,,,*,,,,,,,,,,,,,,
Cristiano Rocha,,,85,,65,,20,,,*,,,,,,,,,,,,,,
Jaraqui,,,75,,45,,30,,,*,,,,,,,,,,,,,,
Tambaqui,,,75,,50,,25,,,*,,,,,,,,,,,,,,
Energia Madeiras,,,4,,3,,1,,,*,,,,,,,,,,,,,,
Bahia I,,,32,,27,,5,,,*,,,,,,,,,,,,,,
Enguia PI**,,,52,,0,,52,,,*,,,,,,,,,,,,,,
Enguia CE**,,,95,,0,,95,,,*,,,,,,,,,,,,,,
Total,,,10739,,6487,,4252,,,*,,,,,,,,,,,,,,
,,,,,,,,,,*,,,,,,,,,,,,,,
,,,,,,,,,,*,,,,,,,,,,,,,,
,,,,,,,,,,*,,,,,,,,,,,,,,
,,,,,,,,,,*,,,,,,,,,,,,,,
,,,,,,,,,,*,,,,,,,,,,,,,,
,,,,,,,,,,*,,,,,,,,,,,,,,
,,,,,,,,,,*,,,,,,,,,,,,,,
,,,,,,,,,,*,,,,,,,,,,,,,,
,,,,,,,,,,*,,,,,,,,,,,,,,
,,,,,,,,,,*,,,,,,,,,,,,,,
,,,,,,,,,,*,,,,,,,,,,,,,,
,,,,,,,,,,*,,,,,,,,,,,,,,
,,,,,,,,,,*,,,,,,,,,,,,,,
,,,,,,,,,,*,,,,,,,,,,,,,,
,,,,,,,,,,,,,,,,,,,,,,,,
5.5.3 - Por Restrição Operativa e Manutenção,,,,,,,,,,,,,,,,,,,,,,,,
,,,,,,,,,,,,,,,,,,,,,,,,
Usinas,,,,Capacidade ,,,,,,,,,,,,,,,,,,,,
,,,Instalada,,Disponível,,Diferença,,,,,,,,,,,,,,,,,
Fortaleza,,,327,,160,,167,,,*,,,,,,,,,,,,,,
Aparecida,,,166,,123,,43,,,*,,,,,,,,,,,,,,
Total,,,493,,283,,210,,,*,,,,,,,,,,,,,,
,,,,,,,,,,*,,,,,,,,,,,,,,
,,,,,,,,,,*,,,,,,,,,,,,,,
,,,,,,,,,,*,,,,,,,,,,,,,,
,,,,,,,,,,*,,,,,,,,,,,,,,
,,,,,,,,,,*,,,,,,,,,,,,,,
,,,,,,,,,,*,,,,,,,,,,,,,,
,,,,,,,,,,*,,,,,,,,,,,,,,
,,,,,,,,,,*,,,,,,,,,,,,,,
,,,,,,,,,,*,,,,,,,,,,,,,,
,,,,,,,,,,*,,,,,,,,,,,,,,
,,,,,,,,,,*,,,,,,,,,,,,,,
,,,,,,,,,,*,,,,,,,,,,,,,,
,,,,,,,,,,*,,,,,,,,,,,,,,
,,,,,,,,,,*,,,,,,,,,,,,,,
,,,,,,,,,,*,,,,,,,,,,,,,,
,,,,,,,,,,*,,,,,,,,,,,,,,
,,,,,,,,,,*,,,,,,,,,,,,,,
,,,,,,,,,,*,,,,,,,,,,,,,,
,,,,,,,,,,*,,,,,,,,,,,,,,
,,,,,,,,,,*,,,,,,,,,,,,,,
,,,,,,,,,,*,,,,,,,,,,,,,,
,,,,,,,,,,*,,,,,,,,,,,,,,
,,,,,,,,,,*,,,,,,,,,,,,,,
,,,,,,,,,,*,,,,,,,,,,,,,,
,,,,,,,,,,*,,,,,,,,,,,,,,
,,,,,,,,,,*,,,,,,,,,,,,,,
,,,,,,,,,,*,,,,,,,,,,,,,,
,,,,,,,,,,*,,,,,,,,,,,,,,
,,,,,,,,,,*,,,,,,,,,,,,,,
,,,,,,,,,,*,,,,,,,,,,,,,,
,,,,,,,,,,*,,,,,,,,,,,,,,
,,,,,,,,,,*,,,,,,,,,,,,,,
,,,,,,,,,,*,,,,,,,,,,,,,,
,,,,,,,,,,,,,,,,,,,,,,,,
5.5.4 - Totais,,,,,,,,,,,,,,,,,,,,,,,,
,,,,,,,,,,,,,,,,,,,,,,,,
,,,,,,Capacidade ,,,,,,,,,,,,,,,,,,
,,,,,Instalada,,Disponível,,Diferença,,,,,,,,,,,,,,,
Por Manutenção,,,,,2373,,1361,,1012,,,,,,,,,,,,,,,
Por Restrição Operativa,,,,,10739,,6487,,4252,,,,,,,,,,,,,,,
Por Restrição Operativa e Manutenção,,,,,493,,283,,210,,,,,,,,,,,,,,,
Demais Restrições Agregadas,,,,,8794,,8628,,166,,,,,,,,,,,,,,,
Total,,,,,22399,,16759,,5640,,,,,,,,,,,,,,,
,,,,,,,,,,,,,,,,,,,,,,,,
,,,,,,,,,,,,,,,,,,,,,,,,
5.6 - Diferença entre capacidade instalada e autorizada - Usinas com operação comercial ,,,,,,,,,,,,,,,,,,,,,,,,
suspensa ou em expansão,,,,,,,,,,,,,,,,,,,,,,,,
,,,,,,,,,,,,,,,,,,,,,,,,
Usinas,,,,,,Capacidade ,,,,,,,,,,,,,,,,,,
,,,,,Instalada,,Disponível,,Diferença,,,,,,,,,,,,,,,
Santa Cruz Nova,,,,,500,,350,,150,*,,,,,,,,,,,,,,
Termocamaçari,,,,,120,,26,,94,*,,,,,,,,,,,,,,
Santa Cruz,,,,,436,,0,,436,*,,,,,,,,,,,,,,
Piratininga,,,,,200,,0,,200,*,,,,,,,,,,,,,,
,,,,,,,,,,*,,,,,,,,,,,,,,
,,,,,,,,,,*,,,,,,,,,,,,,,
,,,,,,,,,,*,,,,,,,,,,,,,,
,,,,,,,,,,*,,,,,,,,,,,,,,
,,,,,,,,,,*,,,,,,,,,,,,,,
,,,,,,,,,,*,,,,,,,,,,,,,,
,,,,,,,,,,*,,,,,,,,,,,,,,
,,,,,,,,,,*,,,,,,,,,,,,,,
,,,,,,,,,,*,,,,,,,,,,,,,,
,,,,,,,,,,*,,,,,,,,,,,,,,
,,,,,,,,,,*,,,,,,,,,,,,,,
Total,,,,,1256,,376,,880,*,,,,,,,,,,,,,,
,,,,,,,,,,,,,,,,,,,,,,,,
6 - Destaques da Geração Térmica,,,,,,,,,,,,,,,,,,,,,,,,
,,,,,,,,,,,,,,,,,,,,,,,,
,,,,,,,,,,,,,,,,,,,,,,,,
,,,,,,,,,,,,,,,,,,,,,,,,
,,,,,,,,,,,,,,,,,,,,,,,,
,,,,,,,,,,,,,,,,,,,,,,,,
,,,,,,,,,,,,,,,,,,,,,,,,
,,,,,,,,,,,,,,,,,,,,,,,,
,,,,,,,,,,,,,,,,,,,,,,,,
,,,,,,,,,,,,,,,,,,,,,,,,
,,,,,,,,,,,,,,,,,,,,,,,,
,,,,,,,,,,,,,,,,,,,,,,,,
,,,,,,,,,,,,,,,,,,,,,,,,
,,,,,,,,,,,,,,,,,,,,,,,,
,,,,,,,,,,,,,,,,,,,,,,,,
,,,,,,,,,,,,,,,,,,,,,,,,
,,,,,,,,,,,,,,,,,,,,,,,,
,,,,,,,,,,,,,,,,,,,,,,,,
,,,,,,,,,,,,,,,,,,,,,,,,
,,,,,,,,,,,,,,,,,,,,,,,,
,,,,,,,,,,,,,,,,,,,,,,,,
,,,,,,,,,,,,,,,,,,,,,,,,
,,,,,,,,,,,,,,,,,,,,,,,,
,,,,,,,,,,,,,,,,,,,,,,,,
,,,,,,,,,,,,,,,,,,,,,,,,
,,,,,,,,,,,,,,,,,,,,,,,,
,,,,,,,,,,,,,,,,,,,,,,,,
,,,,,,,,,,,,,,,,,,,,,,,,
,,,,,,,,,,,,,,,,,,,,,,,,
,,,,,,,,,,,,,,,,,,,,,,,,
,,,,,,,,,,,,,,,,,,,,,,,,
,,,,,,,,,,,,,,,,,,,,,,,,
,,,,,,,,,,,,,,,,,,,,,,,,
,,,,,,,,,,,,,,,,,,,,,,,,
,,,,,,,,,,,,,,,,,,,,,,,,
,,,,,,,,,,,,,,,,,,,,,,,,
,,,,,,,,,,,,,,,,,,,,,,,,
,,,,,,,,,,,,,,,,,,,,,,,,
,,,,,,,,,,,,,,,,,,,,,,,,
,,,,,,,,,,,,,,,,,,,,,,,,
,,,,,,,,,,,,,,,,,,,,,,,,
,,,,,,,,,,,,,,,,,,,,,,,,
,,,,,,,,,,,,,,,,,,,,,,,,
,,,,,,,,,,,,,,,,,,,,,,,,
,,,,,,,,,,,,,,,,,,,,,,,,
,,,,,,,,,,,,,,,,,,,,,,,,
,,,,,,,,,,,,,,,,,,,,,,,,
,,,,,,,,,,,,,,,,,,,,,,,,
,,,,,,,,,,,,,,,,,,,,,,,,
,,,,,,,,,,Quebra,,,,,,,,,,,,,,
,,,,,,,,,,NovaPágina,,,,,,,,,,,,,,
,,,,,,,,,,,,,,,,,,,,,,,,
,,,,,,,,,,,,,,,,,,,,,,,,
,,,,,,,,,,,,,,,,,,,,,,,,
,,,,,,,,,,,,,,,,,,,,,,,,
,,,,,,,,,,,,,,,,,,,,,,,,
,,,,,,,,,,,,,,,,,,,,,,,,
,,,,,,,,,,,,,,,,,,,,,,,,
,,,,,,,,,,,,,,,,,,,,,,,,
,,,,,,,,,,,,,,,,,,,,,,,,
,,,,,,,,,,,,,,,,,,,,,,,,
,,,,,,,,,,,,,,,,,,,,,,,,
,,,,,,,,,,,,,,,,,,,,,,,,
,,,,,,,,,,,,,,,,,,,,,,,,
,,,,,,,,,,,,,,,,,,,,,,,,
,,,,,,,,,,,,,,,,,,,,,,,,
,,,,,,,,,,,,,,,,,,,,,,,,
,,,,,,,,,,,,,,,,,,,,,,,,
,,,,,,,,,,,,,,,,,,,,,,,,
,,,,,,,,,,,,,,,,,,,,,,,,
,,,,,,,,,,,,,,,,,,,,,,,,
,,,,,,,,,,,,,,,,,,,,,,,,
,,,,,,,,,,,,,,,,,,,,,,,,
,,,,,,,,,,,,,,,,,,,,,,,,
,,,,,,,,,,,,,,,,,,,,,,,,
,,,,,,,,,,,,,,,,,,,,,,,,
,,,,,,,,,,,,,,,,,,,,,,,,
,,,,,,,,,,,,,,,,,,,,,,,,
,,,,,,,,,,,,,,,,,,,,,,,,
,,,,,,,,,,,,,,,,,,,,,,,,
,,,,,,,,,,,,,,,,,,,,,,,,
,,,,,,,,,,,,,,,,,,,,,,,,
,,,,,,,,,,,,,,,,,,,,,,,,
,,,,,,,,,,,,,,,,,,,,,,,,
,,,,,,,,,,,,,,,,,,,,,,,,
,,,,,,,,,,,,,,,,,,,,,,,,
,,,,,,,,,,,,,,,,,,,,,,,,
,,,,,,,,,,,,,,,,,,,,,,,,
,,,,,,,,,,,,,,,,,,,,,,,,
,,,,,,,,,,,,,,,,,,,,,,,,
,,,,,,,,,,,,,,,,,,,,,,,,
,,,,,,,,,,,,,,,,,,,,,,,,
,,,,,,,,,,,,,,,,,,,,,,,,
,,,,,,,,,,,,,,,,,,,,,,,,
,,,,,,,,,,,,,,,,,,,,,,,,
,,,,,,,,,,,,,,,,,,,,,,,,
,,,,,,,,,,,,,,,,,,,,,,,,
,,,,,,,,,,,,,,,,,,,,,,,,
,,,,,,,,,,Quebra,,,,,,,,,,,,,,
,,,,,,,,,,NovaPagina,,,,,,,,,,,,,,
,,,,,,,,,,,,,,,,,,,,,,,,
,,,,,,,,,,,,,,,,,,,,,,,,
,,,,,,,,,,,,,,,,,,,,,,,,
,,,,,,,,,,,,,,,,,,,,,,,,
,,,,,,,,,,,,,,,,,,,,,,,,
,,,,,,,,,,,,,,,,,,,,,,,,
,,,,,,,,,,,,,,,,,,,,,,,,
,,,,,,,,,,,,,,,,,,,,,,,,
,,,,,,,,,,,,,,,,,,,,,,,,
,,,,,,,,,,,,,,,,,,,,,,,,
,,,,,,,,,,,,,,,,,,,,,,,,
,,,,,,,,,,,,,,,,,,,,,,,,
,,,,,,,,,,,,,,,,,,,,,,,,
,,,,,,,,,,,,,,,,,,,,,,,,
,,,,,,,,,,,,,,,,,,,,,,,,
,,,,,,,,,,,,,,,,,,,,,,,,
,,,,,,,,,,,,,,,,,,,,,,,,
,,,,,,,,,,,,,,,,,,,,,,,,
,,,,,,,,,,,,,,,,,,,,,,,,
,,,,,,,,,,,,,,,,,,,,,,,,
,,,,,,,,,,,,,,,,,,,,,,,,
,,,,,,,,,,,,,,,,,,,,,,,,
,,,,,,,,,,,,,,,,,,,,,,,,
,,,,,,,,,,,,,,,,,,,,,,,,
,,,,,,,,,,,,,,,,,,,,,,,,
,,,,,,,,,,,,,,,,,,,,,,,,
,,,,,,,,,,,,,,,,,,,,,,,,
,,,,,,,,,,,,,,,,,,,,,,,,
,,,,,,,,,,,,,,,,,,,,,,,,
,,,,,,,,,,,,,,,,,,,,,,,,
,,,,,,,,,,,,,,,,,,,,,,,,
,,,,,,,,,,,,,,,,,,,,,,,,
,,,,,,,,,,,,,,,,,,,,,,,,
,,,,,,,,,,,,,,,,,,,,,,,,
,,,,,,,,,,,,,,,,,,,,,,,,
,,,,,,,,,,,,,,,,,,,,,,,,
,,,,,,,,,,,,,,,,,,,,,,,,
,,,,,,,,,,,,,,,,,,,,,,,,
,,,,,,,,,,,,,,,,,,,,,,,,
,,,,,,,,,,,,,,,,,,,,,,,,
,,,,,,,,,,,,,,,,,,,,,,,,
,,,,,,,,,,,,,,,,,,,,,,,,
,,,,,,,,,,,,,,,,,,,,,,,,
,,,,,,,,,,,,,,,,,,,,,,,,
,,,,,,,,,,,,,,,,,,,,,,,,
,,,,,,,,,,,,,,,,,,,,,,,,
,,,,,,,,,,,,,,,,,,,,,,,,
,,,,,,,,,,Quebra,,,,,,,,,,,,,,
,,,,,,,,,,NovaPágina,,,,,,,,,,,,,,
,,,,,,,,,,,,,,,,,,,,,,,,
,,,,,,,,,,,,,,,,,,,,,,,,
,,,,,,,,,,,,,,,,,,,,,,,,
,,,,,,,,,,,,,,,,,,,,,,,,
,,,,,,,,,,,,,,,,,,,,,,,,
,,,,,,,,,,,,,,,,,,,,,,,,
,,,,,,,,,,,,,,,,,,,,,,,,
,,,,,,,,,,,,,,,,,,,,,,,,
,,,,,,,,,,,,,,,,,,,,,,,,
,,,,,,,,,,,,,,,,,,,,,,,,
,,,,,,,,,,,,,,,,,,,,,,,,
,,,,,,,,,,,,,,,,,,,,,,,,
,,,,,,,,,,,,,,,,,,,,,,,,
,,,,,,,,,,,,,,,,,,,,,,,,
,,,,,,,,,,,,,,,,,,,,,,,,
,,,,,,,,,,,,,,2,,,,,,,,,,
,,,,,,,,,,,,,,,,,,,,,,,,
,,,,,,,,,,,,,,,,,,,,,,,,
,,,,,,,,,,,,,,,,,,,,,,,,
,,,,,,,,,,,,,,,,,,,,,,,,
,,,,,,,,,,,,,,,,,,,,,,,,
,,,,,,,,,,,,,,,,,,,,,,,,
,,,,,,,,,,,,,,,,,,,,,,,,
,,,,,,,,,,,,,,,,,,,,,,,,
,,,,,,,,,,,,,,,,,,,,,,,,
,,,,,,,,,,,,,,,,,,,,,,,,
,,,,,,,,,,,,,,,,,,,,,,,,
,,,,,,,,,,,,,,,,,,,,,,,,
,,,,,,,,,,,,,,,,,,,,,,,,
,,,,,,,,,,,,,,,,,,,,,,,,
,,,,,,,,,,,,,,,,,,,,,,,,
,,,,,,,,,,,,,,,,,,,,,,,,
,,,,,,,,,,,,,,,,,,,,,,,,
,,,,,,,,,,,,,,,,,,,,,,,,
,,,,,,,,,,,,,,,,,,,,,,,,
,,,,,,,,,,,,,,,,,,,,,,,,
,,,,,,,,,,,,,,,,,,,,,,,,
,,,,,,,,,,,,,,,,,,,,,,,,
,,,,,,,,,,,,,,,,,,,,,,,,
,,,,,,,,,,,,,,,,,,,,,,,,
,,,,,,,,,,,,,,,,,,,,,,,,
,,,,,,,,,,,,,,,,,,,,,,,,
,,,,,,,,,,,,,,,,,,,,,,,,
,,,,,,,,,,,,,,,,,,,,,,,,
,,,,,,,,,,,,,,,,,,,,,,,,
,,,,,,,,,,,,,,,,,,,,,,,,
,,,,,,,,,,,,,,,,,,,,,,,,
,,,,,,,,,,,,,,,,,,,,,,,,
,,,,,,,,,,FIM,,,,,,,,,,,,,,
,,,,,,,,,,,,,,,,,,,,,,,,
,,,,,,,,,,,,,,,,,,,,,,,,
,,,,,,,,,,,,,,,,,,,,,,,,
,,,,,,,,,,,,,,,,,,,,,,,,
,,,,,,,,,,,,,,,,,,,,,,,,
,,,,,,,,,,,,,,,,,,,,,,,,
7 - Demandas Máximas,,,,,,,,,,SIN,,Verif,,,Dados de Dem. Máx.,,,,,,,,,
           7.1 - Demandas Máxima do SIN no dia  (                        ),,,,,,,,,,Hidro Nac,soma,46.632,,,,,,,,,,,,
,,,,,,,,,,Itaip,VER_TOT_ITAIPU,7.450,,,,,,,,,,,,
,,,,,,,,,,Termo Nuc,VER_TOT_SUBM_NUC_SE,2.012,,,,,,,,,,,,
,,,,,,,,,,Termo Conv,soma,12.246,,,,,,,,,,,,
,,,,,,,,,,Eólica,soma,5.072,,,15h23min,,,,,,,,,
,,,,,,,,,,Solar,soma,1.168,,,15:23:00,15,,,,,,,,
,,,,,,,,,,Total SIN,soma,74.580,,0,,,,,,,,,,
,,,,,,,,,,Interc. Inter,VER_TOT_Inter,264,,,,,,,,,,,,
,,,,,,,,,,Carga,soma,74.844,,,Interc,,,,,,,,,
,,,,,,,,,,,,,,,Interc N,842,VER_TOT_SUBM_INT_N,,,,,,,
,,,,,,,,,,Norte,,,,,Interc NE,1.937,VER_TOT_SUBM_INT_NE,,,,,,,
,,,,,,,,,,Hidro,soma,4.397,,,Interc SE,1.095,,,,,,,,
,,,,,,,,,,Termo ,VER_TOT_SUBM_TER_N,2.752,,,Interc S,1.134,VER_TOT_SUBM_INT_S,,,,,,,
,,,,,,,,,,Eólica,VER_TOT_SUBM_EOL_N,208,,,,,,,,,,,,
,,,,,,,,,,Total Ger,VER_TOT_SUBM_GER_N,7.357,,,,,,,,,,,,
,,,,,,,,,,Carga,VER_Carga_N,6.515,,,,,,,,,,,,
,,,,,,,,,,,,,,,Itaipu,,,,,,,,,
,,,,,,,,,,Nordeste,,,,,Itaipu,,,,,,,,,
,,,,,,,,,,Hidro ,soma,4.400,,,Elo 50 Hz,1.911,VER_ELO_CC,,,,,,,
,,,,,,,,,,Termo,VER_TOT_SUBM_TER_NE,2.136,,,Itaipu 60 Hz,5.539,VER_Itaipu60Hz,,,,,,,
,,,,,,,,,,Eólica,VER_TOT_SUBM_EOL_NE,3.287,,,,,,,,,Verif,,,
,,,,,,,,,,Solar,VER_TOT_SUBM_SOL_NE,650,,,,,,VER_CVAcaray_Total,Acaray,,0,,,
,,,,,,,,,,Total Ger,VER_TOT_SUBM_GER_NE,10.473,,,,,,VER_CVUruguaiana_Total,Uruguaiana,,0,,,
,,,,,,,,,,Carga,VER_Carga_NE,12.410,,,,,,VER_CVGarabi 1_Total,Garabi I,,0,,0,
,,,,,,,,,,,,,,,Termo SE,,,VER_CVGarabi 2_Total,Garabi II,,0,,,
,,,,,,,,,,SE/CO,,,,,Termo Nuc,2.012,VER_TOT_SUBM_NUC_SE,VER_CVRiviera_Total,Rivera,,52,,,
,,,,,,,,,,Hidro,soma,25.346,,,Termo Conv,5.789,VER_TOT_SUBM_TER_SE,VER_CVMelo_Total,Melo,,212,,,
,,,,,,,,,,Termo,soma,7.801,,,,,,,Total,,264,,,
,,,,,,,,,,Solar,VER_TOT_SUBM_SOL_SE,518,,,,,,,,,,,,
,,,,,,,,,,Total Ger,VER_TOT_SUBM_GER_SE_REAL,33.665,,,,,,,,,,,,
,,,,,,,,,,Carga,VER_Carga_SE,41.154,,,,,,,,,,,,
,,,,,,,,,,,,,,,,,,,,,,,,
,,,,,,,,,,Sul,,,,,Máxima Histórica,,,,,,,,,
,,,,,,,,,,Hidro ,soma,12.489,,,Sul,18936,31/1/2019,,,,,,,
,,,,,,,,,,Termo,VER_TOT_SUBM_TER_S,1.569,,,Sudeste,53143,23/1/2019,,,,,,,
,,,,,,,,,,Eólica,VER_TOT_SUBM_EOL_S,1.577,,,Norte,6748,16/5/2017,,,,,,,
,,,,,,,,,,Total Ger,VER_TOT_SUBM_GER_S,15.635,,,Nordeste,13307,20/3/2019,,,,,,,
           7.2 - Demandas Máximas Instantâneas do dia por Submercados - MW ,,,,,,,,,,Carga,VER_Carga_S,14.765,,,,,,,,,,,,
,,,,,,,,,,,,,,,Brasil,90525,30/1/2019,,,,,,,
,Submercado,,Verificada no Dia,,,      Máxima Histórica,,,,,,,,,,,,,,,,,,
,SUL,,14.795  às 15h55min,,,18.936  em,  31/01/2019,,,Sul,,14.795,,15:55,25/11/2019,Recorde?,Sul,,18936,,31/1/2019,,,
,SUDESTE - CO,,41.617  às 19h27min,,,53.143  em,  23/01/2019,,,Sudeste,,41.617,,19:27,25/11/2019,Recorde?,Sudeste,,53143,,23/1/2019,,,
,NORTE,,6.533  às 15h42min,,,6.748  em,  16/05/2017,,,Norte,,6.533,,15:42,25/11/2019,Recorde?,Norte,,6748,,16/5/2017,,,
,NORDESTE,,12.536  às 14h47min,,,13.307  em,  20/03/2019,,,Nordeste,,12.536,,14:47,25/11/2019,Recorde?,Nordeste,,13307,,20/3/2019,,,
,SIN,,74.844  às 15h23min,,,90.525  em,  30/01/2019,,,,,,,,,,,,,,,,,
,,,,,,,,,,Brasil,,74.844,,15:23,25/11/2019,Recorde?,Brasil,,90525,,30/1/2019,,,
,,,,,,,,,,Dados do dia Atual,,,,,,,Dados Históricos,,,,,,,
,,,,,,,,,,,,,,,,,,,,,,,,
8 - Dados Hidráulicos das Usinas Integrantes do SIN,,,,,,,,,,,,,,,Afluência,Defluência,Nível,,Volume,,Vertimento,,,
"           8.1 - Bacias Paranaíba, Grande e Doce",,,,,,,,,,Rio Corumbá,,Corumbá IV,,,37,126,"837,86",,"14,14",,V = 4,,,
,,,,,,,,,,,,Corumbá III,,,153,139,"768,61",,"13,72",,V = 9,,,
,,,,,,,,,,,,Corumbá I,,,176,228,"576,00",,"16,33",,,,,
,,,,,,,,,,Rio Araguari,,Nova Ponte,,,158,433,"787,79",,"19,35",,,,,
,,,,,,,,,,,,Miranda,,,506,489,"695,38",,"78,65",,,,,
,,,,,,,,,,,,Amador Aguiar 1,,,495,433,,,"82,58",,,,,
,,,,,,,,,,,,Amador Aguiar 2,,,439,470,,,"53,32",,,,,
,,,,,,,,,,Rio S. Marcos,,Batalha,,,60,39,"788,41",,"15,47",,,,,
,,,,,,,,,,,,S. do Facão,,,78,174,"738,39",,"17,88",,,,,
,,,,,,,,,,Rio Paranaíba,,Emborcação,,,256,716,"627,35",,"16,81",,,,,
,,,,,,,,,,,,Itumbiara,,,1.389,1.638,"500,67",,"14,40",,,,,
,,,,,,,,,,,,C. Dourada,,,1.644,1.659,"430,39",,"63,38",,,,,
,,,,,,,,,,,,São Simão,,,2.036,1.603,"392,28",,"14,82",,,,,
,,,,,,,,,,Rio Pardo,,Caconde,,,20,34,"841,10",,"34,36",,,,,
,,,,,,,,,,,,E. Cunha,,,58,58,,,"82,00",,,,,
,,,,,,,,,,,,A. S. Oliveira,,,51,49,,,"87,04",,,,,
,,,,,,,,,,Rio Grande,,Camargos,,,81,81,"903,00",,"18,30",,,,,
,,,,,,,,,,,,Itutinga,,,89,88,,,"97,04",,,,,
,,,,,,,,,,,,Funil Grande,,,180,204,,,"39,94",,,,,
,,,,,,,,,,,,Furnas,,,699,867,"754,11",,"14,69",,,,,
,,,,,,,,,,,,M. Moraes,,,963,921,"657,68",,"29,79",,,,,
,,,,,,,,,,,,L. C. Barreto,,,922,823,"620,39",,"46,72",,,,,
,,,,,,,,,,,,Jaguara,,,797,783,,,"71,00",,,,,
,,,,,,,,,,,,Igarapava,,,833,800,,,"39,49",,,,,
,,,,,,,,,,,,V. Grande,,,954,1.022,"494,15",,"46,87",,,,,
,,,,,,,,,,,,P. Colômbia,,,953,1.033,"466,06",,"31,87",,,,,
,,,,,,,,,,,,Marimbondo,,,1.329,1.183,"433,35",,"21,93",,,,,
,,,,,,,,,,,,A. Vermelha,,,986,986,"375,57",,"18,24",,,,,
,,,,,,,,,,Rio Verde,,Salto Rio Verde,,,118,111,,,"89,32",,,,,
,,,,,,,,,,,,Salto Rio Verdinho,,,119,119,,,"83,30",,,,,
,,,,,,,,,,Rio Claro,,Caçu,,,106,86,"476,39",,"68,45",,,,,
,,,,,,,,,,,,Barra dos Coqueiros,,,82,122,"447,38",,"67,83",,,,,
,,,,,,,,,,,,JLMG Pereira,,,131,127,,,"93,15",,,,,
,,,,,,,,,,Rio Corrente,,Espora,,,64,76,"577,23",,"6,58",,,,,
,,,,,,,,,,Rio Piracicaba,,G. Amorim,,,72,75,,,"73,63",,,,,
,,,,,,,,,,,,Sá Carvalho,,,82,82,,,"69,85",,,,,
,,,,,,,,,,Rio Sto Antônio,,S. Grande,,,80,97,,,"84,68",,,,,
,,,,,,,,,,,,P. Estrela,,,112,93,"254,60",,"65,56",,,,,
,,,,,,,,,,Rio Doce,,Risoleta Neves,,,94,92,,,"-901,32",,V = 92,,,
,,,,,,,,,,,,Baguari,,,443,440,,,"44,17",,,,,
,,,,,,,,,,,,Aimorés,,,441,382,,,"87,64",,V = 16,,,
,,,,,,,,,,,,Mascarenhas,,,477,472,,,"-11,43",,,,,
,,,,,,,,,,,,,,,,,,,,,,,,
,,,,,,,,,,,,,,,,,,,,,,,,
,,,,,,,,,,,,,,,,,,,,,,,,
,,,,,,,,,,,,,,,,,,,,,,,,
,,,,,,,,,,,,,,,,,,,,,,,,
,,,,,,,,,,,,,,,,,,,,,,,,
"           8.2 - Bacias Tietê, Paranapamema, Paraná e Paraíba do Sul",,,,,,,,,,Rio Pinheiros,,Billings,,,-19,11,"743,14",,"67,17",,,,,
,,,,,,,,,,Rio Guarapiranga,,Guarapiranga,,,9,15,"734,29",,"68,13",,,,,
,,,,,,,,,,Rio Tiête,,Ponte Nova,,,7,10,"768,94",,"90,48",,,,,
,,,,,,,,,,,,E. de Souza,,,66,66,"711,29",,"39,77",,V = 66,,,
,,,,,,,,,,,,Barra Bonita,,,395,395,"446,95",,"51,87",,V = 20,,,
,,,,,,,,,,,,Bariri,,,471,478,,,"35,06",,,,,
,,,,,,,,,,,,Ibitinga,,,427,362,,,"67,56",,,,,
,,,,,,,,,,,,Promissão,,,568,456,"381,23",,"33,95",,,,,
,,,,,,,,,,,,N. Avanhadava,,,464,464,,,"84,13",,,,,
,,,,,,,,,,,,Três Irmãos,,,640,741,"325,96",,"56,84",,,,,
,,,,,,,,,,Rio Tibagi,,Gov. J. Canet Jr,,,104,193,"628,85",,"28,86",,,,,
,,,,,,,,,,Rio Paranapanema,,Jurumirim,,,101,61,"561,36",,"17,48",,,,,
,,,,,,,,,,,,Piraju,,,67,71,,,"69,78",,V = 35,,,
,,,,,,,,,,,,Chavantes,,,107,107,"467,38",,"21,73",,,,,
,,,,,,,,,,,,Ourinhos,,,105,105,,,"112,36",,,,,
,,,,,,,,,,,,Salto Grande,,,157,153,,,"90,08",,,,,
,,,,,,,,,,,,Canoas II,,,153,156,,,"96,90",,,,,
,,,,,,,,,,,,Canoas I,,,163,170,,,"94,76",,,,,
,,,,,,,,,,,,Capivara,,,336,379,"324,13",,"19,05",,,,,
,,,,,,,,,,,,Taquaruçu,,,421,404,,,"83,98",,,,,
,,,,,,,,,,,,Rosana,,,464,414,,,"86,23",,,,,
,,,,,,,,,,Rio Paraná,,I. Solteira,,,2.901,3.774,"325,90",,"55,91",,,,,
,,,,,,,,,,,,Jupiá,,,4.892,4.967,,,"85,21",,,,,
,,,,,,,,,,,,P. Primavera,,,5.161,5.872,,,"0,48",,,,,
,,,,,,,,,,,,Itaipu,,,6.637,7.981,"216,74",,"78,52",,,,,
,,,,,,,,,,Rio Jaguari,,Jaguari,,,11,15,"614,15",,"46,46",,,,,
,,,,,,,,,,Rio do Peixe,,Picada,,,31,33,,,"25,09",,V = 2,,,
,,,,,,,,,,Rio Paraibuna,,Sobragi,,,59,59,,,"70,06",,V = 6,,,
,,,,,,,,,,0,,Lajes,,,17,17,"412,61",,"84,31",,,,,
,,,,,,,,,,0,,Fontes,,,32,32,,,"0,00",,,,,
,,,,,,,,,,0,,N.Peçanha,,,108,108,,,"0,00",,,,,
,,,,,,,,,,0,,P.Passos,,,140,138,,,"94,63",,,,,
,,,,,,,,,,0,,Tocos,,,25,19,"444,53",,"34,37",,,,,
,,,,,,,,,,0,,Transf. Tocos,,,0,19,"0,00",,"0,00",,,,,
,,,,,,,,,,0,,Santana,,,1,1,"362,44",,"40,37",,,,,
,,,,,,,,,,0,,Vigário,,,118,120,"398,31",,"75,39",,,,,
,,,,,,,,,,Rio Paraíba do Sul,,Paraibuna,,,41,70,"701,83",,"30,63",,,,,
,,,,,,,,,,,,S. Branca,,,84,71,"612,47",,"33,44",,,,,
,,,,,,,,,,,,Funil,,,213,158,"453,69",,"32,50",,,,,
,,,,,,,,,,,,S. Cecília,,,205,94,,,"72,48",,V = 94,,,
,,,,,,,,,,,,Transf. Sta Cecília,,,0,122,,,"0,00",,,,,
,,,,,,,,,,,,Anta,,,322,142,"251,38",,"88,00",,V = 11,,,
,,,,,,,,,,,,Simplício,,,187,199,,,"64,15",,,,,
,,,,,,,,,,,,Ilha dos Pombos,,,363,351,,,"100,00",,V = 77,,,
,,,,,,,,,,Bacias,,Armaz,,ENA dia,ENA Armaz,ENA Bruta,Ger Verif,,Ger Prog,,,,,
,,,,,,,,,,PNB,,"16,1",,58,44,44,4.562,,4.819,,,,,
,,,,,,,,,,GRA,,"16,8",,78,58,62,3.334,,3.300,,,,,
,,,,,,,,,,TIE,,"53,9",,70,80,80,754,,799,,,,,
,,,,,,,,,,PRN,,"19,3",,39,51,52,635,,629,,,,,
,,,,,,,,,,PAR,,"55,6",,65,58,58,9.620,,9.716,,,,,
,,,,,,,,,,SUL,,36,,90,56,56,879,,675,,,,,
"           8.3 - Bacias Iguaçu, Uruguai, Jacuí, Capivari e Paraguai",,,,,,,,,,PRG,,"47,7",,102,90,97,265,,492,,,,,
,,,,,,,,,,DOC,,"64,6",,68,31,36,500,,415,,,,,
,,,,,,,,,,,,,,,,,,,,,,,,
,,,,,,,,,,,,,,,,,,,,,,,,
,,,,,,,,,,Rio Manso,,Manso,,,21,135,"282,82",,"49,70",,,,,
,,,,,,,,,,Rio Itiquira,,Itiquira I,,,69,69,,,"83,56",,,,,
,,,,,,,,,,,,Itiquira II,,,69,68,,,"0,00",,V = 1,,,
,,,,,,,,,,Rio Correntes,,P. Pedra,,,77,83,,,"66,34",,V = 13,,,
,,,,,,,,,,Rio Jauru,,Jauru,,,76,76,,,"78,34",,,,,
,,,,,,,,,,Rio Jordão,,Sta. Clara,,,24,41,"793,49",,"27,46",,,,,
,,,,,,,,,,,,Fundão,,,41,38,,,"76,00",,,,,
,,,,,,,,,,,,Jordão,,,36,10,"603,26",,"14,60",,,,,
,,,,,,,,,,Rio Iguaçu,,G. B. Munhoz,,,189,596,"709,09",,"15,24",,,,,
,,,,,,,,,,,,G. Ney Braga,,,656,668,"602,95",,"18,45",,,,,
,,,,,,,,,,,,S. Santiago,,,746,957,"489,77",,"29,22",,,,,
,,,,,,,,,,,,S. Osório,,,896,928,,,"93,37",,,,,
,,,,,,,,,,,,Gov. José Richa,,,1.028,1.107,,,"64,75",,,,,
,,,,,,,,,,,,Capanema,,,0,863,,,"0,00",,,,,
,,,,,,,,,,,,Baixo Iguaçu,,,773,932,,,"34,03",,,,,
,,,,,,,,,,Rio Canoas,,Garibaldi,,,122,119,"703,89",,"53,85",,,,,
,,,,,,,,,,,,Campos Novos,,,151,253,"656,35",,"27,00",,,,,
,,,,,,,,,,Rio Passo Fundo,,Alzir Santos,,,85,95,,,"17,36",,,,,
,,,,,,,,,,,,Passo Fundo,,,56,79,"591,08",,"38,45",,,,,
,,,,,,,,,,,,Foz do Chapecó,,,1.294,1.439,,,"27,71",,V = 126,,,
,,,,,,,,,,Rio Chapecó,,Quebra Queixo,,,17,53,"547,26",,"63,20",,,,,
,,,,,,,,,,Rio Pelotas,,Barra Grande,,,80,340,"633,64",,"49,99",,V = 3,,,
,,,,,,,,,,,,Machadinho,,,693,854,"474,62",,"61,40",,,,,
,,,,,,,,,,,,Itá,,,914,1.210,"367,87",,"62,97",,,,,
,,,,,,,,,,Rio Jacuí,,Ernestina,,,25,42,"489,64",,"104,03",,V = 27,,,
,,,,,,,,,,,,Passo Real,,,286,382,"324,79",,"85,78",,,,,
,,,,,,,,,,,,Jacuí,,,357,374,,,"76,81",,V = 176,,,
,,,,,,,,,,,,Itaúba,,,418,420,,,"84,64",,,,,
,,,,,,,,,,,,D. Francisca,,,401,374,,,"110,05",,V = 33,,,
,,,,,,,,,,Rio Taquari-Antas,,Castro Alves,,,53,57,,,"23,00",,,,,
,,,,,,,,,,,,Monte Claro,,,113,113,,,"0,00",,V = 20,,,
,,,,,,,,,,,,14 de Julho,,,119,108,,,"31,00",,,,,
,,,,,,,,,,Rio Capivari,,G. P. Souza,,,19,24,"833,87",,"33,15",,,,,
,,,,,,,,,,,,,,,,,,,,,,,,
,,,,,,,,,,,,,,,,,,,,,,,,
,,,,,,,,,,,,,,,,,,,,,,,,
,,,,,,,,,,,,,,,,,,,,,,,,
,,,,,,,,,,,,,,,,,,,,,,,,
,,,,,,,,,,,,,,,,,,,,,,,,
,,,,,,,,,,Bacias,,Armaz,,ENA dia,ENA Armaz,ENA Bruta,Ger Verif,,Ger Prog,,,,,
,,,,,,,,,,IGU,,"19,4",,26,44,44,3.301,,3.106,,,,,
,,,,,,,,,,JAC,,"86,5",,74,133,283,842,,1.387,,,,,
,,,,,,,,,,URY,,"46,7",,44,144,152,3.723,,3.156,,,,,
,,,,,,,,,,CAP,,"32,8",,82,85,85,151,,147,,,,,
,,,,,,,,,,PRG,,"47,7",,102,90,97,265,,492,,,,,
,,,,,,,,,,,,,,,,,,,,,,,,
,,,,,,,,,,,,,,,,,,,,,,,,
"           8.4 - Bacia do Tocantins, Amazonas e Araguari",,,,,,,,,,,,,,,,,,,,,,,,
,,,,,,,,,,,,,,,,,,,,,,,,
,,,,,,,,,,,,,,,,,,,,,,,,
,,,,,,,,,,,,,,,,,,,,,,,,
,,,,,,,,,,,,,,,,,,,,,,,,
,,,,,,,,,,,,,,,,,,,,,,,,
,,,,,,,,,,,,,,,,,,,,,,,,
,,,,,,,,,,,,,,,,,,,,,,,,
,,,,,,,,,,,,,,,,,,,,,,,,
,,,,,,,,,,,,,,,,,,,,,,,,
,,,,,,,,,,Rio Tocantins,,Serra da Mesa,,,176,787,"426,56",,"11,74",,,,,
,,,,,,,,,,,,Cana Brava,,,812,923,"332,43",,"80,04",,,,,
,,,,,,,,,,,,São Salvador,,,871,1.094,,,"59,26",,,,,
,,,,,,,,,,,,Peixe Angical,,,1.302,1.005,"261,74",,"35,14",,,,,
,,,,,,,,,,,,Lajeado,,,712,505,"211,76",,"31,83",,V = 76,,,
,,,,,,,,,,,,Estreito,,,1.086,1.954,"155,23",,"83,11",,,,,
,,,,,,,,,,,,Tucuruí,,,3.073,5.334,"61,83",,"29,03",,,,,
,,,,,,,,,,Rio Preto,,Queimado,,,12,16,"817,57",,"23,37",,,,,
,,,,,,,,,,Rio São Francisco,,Três Marias,,,204,461,"563,59",,"49,36",,,,,
,,,,,,,,,,,,Sobradinho,,,470,1.165,"385,58",,"27,21",,,,,
,,,,,,,,,,,,Luiz Gonzaga,,,1.030,1.209,"300,81",,"32,91",,,,,
,,,,,,,,,,,,Apolônio Sales,,,1.209,94,,,"75,60",,,,,
,,,,,,,,,,,,P. Afonso 4,,,856,856,,,"68,42",,,,,
,,,,,,,,,,,,"P. Afonso 1,2,3",,,94,69,,,"93,88",,,,,
,,,,,,,,,,,,Xingó,,,925,1.072,"137,47",,"36,59",,,,,
,,,,,,,,,,Rio Jequitinhonha,,Irapé,,,103,36,"479,13",,"14,92",,,,,
,,,,,,,,,,,,Itapebi,,,57,41,"109,55",,"83,68",,V = 41,,,
,,,,,,,,,,Rio Paraguaçu,,Pedra do Cavalo,,,1,39,"113,62",,"94,67",,,,,
,,,,,,,,,,Rio Parnaíba,,B. Esperança,,,164,407,"300,30",,"34,41",,,,,
,,,,,,,,,,Rio Aripuanã,,Dardanelos,,,178,178,,,"4,35",,V = 30,,,
,,,,,,,,,,Rio Comemoração,,Rondon II,,,117,84,,,"29,36",,,,,
,,,,,,,,,,Rio Jamari,,Samuel,,,228,448,"81,56",,"11,37",,,,,
,,,,,,,,,,Rio Guaporé,,Guaporé,,,36,38,,,"81,57",,,,,
,,,,,,,,,,Rio Madeira,,Sto Antônio,,,10.747,10.747,"70,51",,"53,41",,,,,
,,,,,,,,,,,,Jirau,,,10.253,10.073,"84,85",,"23,28",,,,,
,,,,,,,,,,Rio Uatumã,,Balbina,,,632,1.300,"48,18",,"38,06",,,,,
,,,,,,,,,,Rio Araguari,,Cachoeira Caldeirão,,,630,658,,,"94,51",,,,,
,,,,,,,,,,,,Ferreira Gomes,,,701,703,,,"48,97",,,,,
,,,,,,,,,,,,Coaracy Nunes,,,480,495,,,"97,48",,V = 96,,,
,,,,,,,,,,Rio Teles Pires,,Sinop,,,594,618,"297,99",,"51,10",,V = 104,,,
,,,,,,,,,,,,Colíder,,,677,696,,,"73,00",,V = 437,,,
,,,,,,,,,,,,Teles Pires,,,1.620,1.603,,,"100,00",,,,,
,,,,,,,,,,,,São Manoel,,,1.621,1.714,,,"117,53",,,,,
,,,,,,,,,,Rio Curuá-Una,,Curuá-Una,,,169,155,"28,40",,"33,84",,,,,
,,,,,,,,,,Rio Jari,,Sto Antônio do Jari,,,293,293,,,"45,05",,,,,
,,,,,,,,,,Rio Paraopeba,,Retiro Baixo,,,56,70,"614,62",,"29,63",,,,,
,,,,,,,,,,Rio Xingu,,Belo Monte,,,815,719,,,"74,61",,,,,
,,,,,,,,,,,,Pimental,,,1.895,837,,,"-58,03",,,,,
,,,,,,,,,,0,,Canal Pereira Barreto,,,224,0,,,"0,00",,,,,
,,,,,,,,,,0,,Desvio Jordão,,,0,21,,,"0,00",,,,,
,,,,,,,,,,,,,,,,,,,,,,,,
"           8.5 - Bacias do São Francisco, Parnaíba, Jequitinhonha e Paraguaçu",,,,,,,,,,,,,,,,,,,,,,,,
,,,,,,,,,,,,,,,,,,,,,,,,
,,,,,,,,,,Bacias,,Armaz,,ENA dia,ENA Armaz,ENA Bruta,Ger Verif,,Ger Prog,,,,,
,,,,,,,,,,TOC,,"14,1",,51,39,40,4.699,,5.175,,,,,
,,,,,,,,,,SFR,,"34,3",,22,19,19,3.208,,3.315,,,,,
,,,,,,,,,,PBA,,"32,7",,46,46,46,156,,159,,,,,
,,,,,,,,,,AMA,,"29,4",,108,76,78,5.538,,5.753,,,,,
,,,,,,,,,,,,,,,,,,,,,,,,
,,,,,,,,,,,,,,,,,,,,,,,,
,,,,,,,,,,,,,,,,,,,,,,,,
,,,,,,,,,,,,,,,,,,,,,,,,
,,,,,,,,,,,,,,,,,,,,,,,,
,,,,,,,,,,,,,,,,,,,,,,,,
,,,,,,,,,,,,,,,,,,,,,,,,
,,,,,,,,,,,,,,,,,,,,,,,,
,,,,,,,,,,,,,,,,,,,,,,,,
,,,,,,,,,,,,,,,,,,,,,,,,
,,,,,,,,,,,,,,,,,,,,,,,,
,,,,,,,,,,,,,,,,,,,,,,,,
,,,,,,,,,,,,,,,,,,,,,,,,
,,,,,,,,,,,,,,,,,,,,,,,,
,,,,,,,,,,,,,,,,,,,,,,,,
,,,,,,,,,,,,,,,,,,,,,,,,
,,,,,,,,,,,,,,,,,,,,,,,,
,,,,,,,,,,,,,,,,,,,,,,,,
,,,,,,,,,,,,,,,,,,,,,,,,
,,,,,,,,,,,,,,,,,,,,,,,,
,,,,,,,,,,,,,,,,,,,,,,,,
,,,,,,,,,,,,,,,,,,,,,,,,
,,,,,,,,,,,,,,,,,,,,,,,,
,,,,,,,,,,,,,,,,,,,,,,,,
,,,,,,,,,,,,,,,,,,,,,,,,
,,,,,,,,,,,,,,,,,,,,,,,,
,,,,,,,,,,,,,,,,,,,,,,,,
,,,,,,,,,,,,,,,,,,,,,,,,
,,,,,,,,,,,,,,,,,,,,,,,,
,,,,,,,,,,,,,,,,,,,,,,,,
,,,,,,,,,,,,,,,,,,,,,,,,
,,,,,,,,,,,,,,,,,,,,,,,,
,,,,,,,,,,,,,,,,,,,,,,,,
,,,,,,,,,,,,,,,,,,,,,,,,
,,,,,,,,,,,,,,,,,,,,,,,,
,,,,,,,,,,,,,,,,,,,,,,,,
,,,,,,,,,,,,,,,,,,,,,,,,
,,,,,,,,,,,,,,,,,,,,,,,,
,,,,,,,,,,,,,,,,,,,,,,,,
,,,,,,,,,,,,,,,,,,,,,,,,
,,,,,,,,,,,,,,,,,,,,,,,,
,,,,,,,,,,,,,,,,,,,,,,,,
,,,,,,,,,,,,,,,,,,,,,,,,
           8.6 - Contribuição de Armazenamento das Bacias para cada Submercado,,,,,,,,,,,,,,,,,,,,,,,,
,,,,,,,,,,,,,,,,,,,,,,,,
,,,,,,,,,,,,,,,,,,,,,,,,
,,,,,,,,,,,,,,,,,,,,,,,,
,,,,,,,,,,,,,,,,,,,,,,,,
,,,,,,,,,,,,,,,,,,,,,,,,
,,,,,,,,,,,,,,,,,,,,,,,,
,,,,,,,,,,,,,,,,,,,,,,,,
,,,,,,,,,,,,,,,,,,,,,,,,
,,,,,,,,,,,,,,,,,,,,,,,,
,,,,,,,,,,,,,,,,,,,,,,,,
,,,,,,,,,,,,,,,,,,,,,,,,
,,,,,,,,,,,,,,,,,,,,,,,,
,,,,,,,,,,,,,,,,,,,,,,,,
,,,,,,,,,,,,,,,,,,,,,,,,
,,,,,,,,,,,,,,,,,,,,,,,,
,,,,,,,,,,,,,,,,,,,,,,,,
,,,,,,,,,,,,,,,,,,,,,,,,
,,,,,,,,,,,,,,,,,,,,,,,,
,,,,,,,,,,,,,,,,,,,,,,,,
,,,,,,,,,,,,,,,,,,,,,,,,
,,,,,,,,,,,,,,,,,,,,,,,,
,,,,,,,,,,BACIA,,SE,,S ,NE,N ,,,,,,,,
,,,,,,,,,,PN,,"32,33%",,---,---,---,,,,,,,,
,,,,,,,,,,GR,,"22,20%",,---,---,---,,,,,,,,
,,,,,,,,,,TI,,"13,45%",,---,---,---,,,,,,,,
,,,,,,,,,,PP,,"5,93%",,"0,93%",---,---,,,,,,,,
,,,,,,,,,,PR,,"5,33%",,---,---,---,,,,,,,,
,,,,,,,,,,PB,,"6,81%",,---,---,---,,,,,,,,
,,,,,,,,,,PY,,"0,69%",,---,---,---,,,,,,,,
,,,,,,,,,,DC,,"0,02%",,---,---,---,,,,,,,,
,,,,,,,,,,JE,,"0,69%",,---,"0,85%",---,,,,,,,,
,,,,,,,,,,IG,,---,,"26,55%",---,---,,,,,,,,
,,,,,,,,,,JI,,---,,"35,18%",---,---,,,,,,,,
,,,,,,,,,,RI,,---,,"35,73%",---,---,,,,,,,,
,,,,,,,,,,CA,,---,,"1,61%",---,---,,,,,,,,
,,,,,,,,,,SF,,"2,75%",,---,"96,91%",---,,,,,,,,
,,,,,,,,,,PI,,---,,---,"0,49%",---,,,,,,,,
,,,,,,,,,,PG,,---,,---,"1,75%",---,,,,,,,,
,,,,,,,,,,TO,,"9,71%",,---,---,"91,87%",,,,,,,,
,,,,,,,,,,AM,,"0,10%",,---,---,"8,13%",,,,,,,,
,,,,,,,,,,OUTRAS,,"-0,01%",,"0,00%","0,00%","0,00%",,,,,,,,
,,,,,,,,,,,,,,,,,,,,,,,,
,,,,,,,,,,,,,,,,,,,,,,,,
,,,,,,,,,,,,,,,,,,,,,,,,
,,,,,,,,,,,,,,,,,,,,,,,,
,,,,,,,,,,,,,,,,,,,,,,,,
,,,,,,,,,,,,,,,,,,,,,,,,
,,,,,,,,,,,,,,,,,,,,,,,,
,,,,,,,,,,,,,,,,,,,,,,,,
,,,,,,,,,,,,,,,,,,,,,,,,
9 - Acompanhamento dos Armazenamentos por Submercado,,,,,,,,,,,,,,,,,,,,,,,,
,,,,,,,,,,,,,,,,,,,,,,,,
      9.1 - Sul,,,,,,,,,,,,,,,,,,,,,,,,
,,,,,,,,,,,,,,,,,,,,,,,,
,,,,,,,,,,,,,,,,,,,,,,,,
,,,,,,,,,,,,,,,,,,,,,,,,
,,,,,,,,,,,,,,,,,,,,,,,,
,,,,,,,,,,,,,,,,,,,,,,,,
,,,,,,,,,,,,,,,,,,,,,,,,
,,,,,,,,,,,,,,,,,,,,,,,,
,,,,,,,,,,,,,,,,,,,,,,,,
,,,,,,,,,,,,,,,,,,,,,,,,
,,,,,,,,,,,,,,,,,,,,,,,,
,,,,,,,,,,,,,,,,,,,,,,,,
,,,,,,,,,,,,,,,,,,,,,,,,
,,,,,,,,,,,,,,,,,,,,,,,,
,,,,,,,,,,,,,,,,,,,,,,,,
,,,,,,,,,,,,,,,,,,,,,,,,
,,,,,,,,,,,,,,,,,,,,,,,,
,,,,,,,,,,,,,,,,,,,,,,,,
,,,,,,,,,,,,,,,,,,,,,,,,
,,,,,,,,,,,,,,,,,,,,,,,,
      9.2 - Sudeste,,,,,,,,,,,,,,,,,,,,,,,,
,,,,,,,,,,,,,,,,,,,,,,,,
,,,,,,,,,,,,,,,,,,,,,,,,
,,,,,,,,,,,,,,,,,,,,,,,,
,,,,,,,,,,,,,,,,,,,,,,,,
,,,,,,,,,,,,,,,,,,,,,,,,
,,,,,,,,,,,,,,,,,,,,,,,,
,,,,,,,,,,,,,,,,,,,,,,,,
,,,,,,,,,,,,,,,,,,,,,,,,
,,,,,,,,,,,,,,,,,,,,,,,,
,,,,,,,,,,,,,,,,,,,,,,,,
,,,,,,,,,,,,,,,,,,,,,,,,
,,,,,,,,,,,,,,,,,,,,,,,,
,,,,,,,,,,,,,,,,,,,,,,,,
,,,,,,,,,,,,,,,,,,,,,,,,
,,,,,,,,,,,,,,,,,,,,,,,,
,,,,,,,,,,,,,,,,,,,,,,,,
,,,,,,,,,,,,,,,,,,,,,,,,
,,,,,,,,,,,,,,,,,,,,,,,,
,,,,,,,,,,,,,,,,,,,,,,,,
,,,,,,,,,,,,,,,,,,,,,,,,
,,,,,,,,,,,,,,,,,,,,,,,,
,,,,,,,,,,,,,,,,,,,,,,,,
,,,,,,,,,,,,,,,,,,,,,,,,
,,,,,,,,,,,,,,,,,,,,,,,,
,,,,,,,,,,,,,,,,,,,,,,,,
,,,,,,,,,,,,,,,,,,,,,,,,
,,,,,,,,,,,,,,,,,,,,,,,,
,,,,,,,,,,,,,,,,,,,,,,,,
9 - Acompanhamento dos Armazenamentos por Submercado,,,,,,,,,,,,,,,,,,,,,,,,
,,,,,,,,,,,,,,,,,,,,,,,,
      9.3 - Nordeste,,,,,,,,,,,,,,,,,,,,,,,,
,,,,,,,,,,,,,,,,,,,,,,,,
,,,,,,,,,,,,,,,,,,,,,,,,
,,,,,,,,,,,,,,,,,,,,,,,,
,,,,,,,,,,,,,,,,,,,,,,,,
,,,,,,,,,,,,,,,,,,,,,,,,
,,,,,,,,,,,,,,,,,,,,,,,,
,,,,,,,,,,,,,,,,,,,,,,,,
,,,,,,,,,,,,,,,,,,,,,,,,
,,,,,,,,,,,,,,,,,,,,,,,,
,,,,,,,,,,,,,,,,,,,,,,,,
,,,,,,,,,,,,,,,,,,,,,,,,
,,,,,,,,,,,,,,,,,,,,,,,,
,,,,,,,,,,,,,,,,,,,,,,,,
,,,,,,,,,,,,,,,,,,,,,,,,
,,,,,,,,,,,,,,,,,,,,,,,,
,,,,,,,,,,,,,,,,,,,,,,,,
,,,,,,,,,,,,,,,,,,,,,,,,
,,,,,,,,,,,,,,,,,,,,,,,,
,,,,,,,,,,,,,,,,,,,,,,,,
      9.4 - Norte,,,,,,,,,,2019,,,,,,,,,,,,,,
,,,,,,,,,,2018,,,,,,,,,,,,,,
